page_slug,crm_base_tag,utm_campaign,utm_content,meta_sourced,count,first_seen,last_seen
event-signup-draft-6,,,,false,222,2026-09-08T18:00:00.284831+00:00,2026-09-15T22:48:17.575723+00:00
event-signup-draft-6,,,,true,37,2026-09-08T19:34:02.351048+00:00,2026-09-15T18:38:10.93765+00:00
event-signup-draft-6,,120252011233960229,120252011234010229,true,25,2026-09-10T14:22:01.495457+00:00,2026-09-14T19:00:15.194224+00:00
ux-r2-demo-last-season-closer,,,,false,15,2026-07-09T03:00:00+00:00,2026-07-25T23:00:00+00:00
ux-r2-demo-summer-sold-out,,,,false,15,2026-07-08T06:00:00+00:00,2026-07-24T22:00:00+00:00
ux-r2-demo-warehouse-anthems,,,,false,15,2026-07-07T09:00:00+00:00,2026-07-23T09:00:00+00:00
ux-r2-demo-midnight-sessions,,,,true,15,2026-07-10T00:00:00+00:00,2026-07-26T20:00:00+00:00
event-signup-draft-6,,,link_in_bio,true,6,2026-09-10T10:42:22.226436+00:00,2026-09-23T16:23:13.222905+00:00
jojogoes,,,,false,1,2026-09-27T19:33:15.675187+00:00,2026-09-27T19:33:15.675187+00:00
closa-selects-halloween-forum-30-10,Closa-Selects-Barcelona-30.10.26,120251229507340338,120251229976460338,true,285,2026-09-16T00:38:45.244367+00:00,2026-09-23T14:03:06.697126+00:00
closa-selects-halloween-forum-30-10,Closa-Selects-Barcelona-30.10.26,,,false,168,2026-09-15T16:21:12.048858+00:00,2026-10-01T15:40:02.110785+00:00
closa-selects-halloween-forum-30-10,Closa-Selects-Barcelona-30.10.26,,link_in_bio,true,156,2026-09-15T18:53:56.805247+00:00,2026-09-24T13:26:45.6604+00:00
closa-selects-halloween-forum-30-10,Closa-Selects-Barcelona-30.10.26,120251229507340338,120251229507260338,true,107,2026-09-15T18:35:48.36007+00:00,2026-09-16T09:56:45.565798+00:00
closa-selects-halloween-forum-30-10,Closa-Selects-Barcelona-30.10.26,,,true,102,2026-09-15T18:42:32.668531+00:00,2026-10-01T14:37:53.177728+00:00
closa-selects-halloween-forum-30-10,Closa-Selects-Barcelona-30.10.26,120251229507340338,120251229790860338,true,80,2026-09-15T18:38:02.12669+00:00,2026-09-19T20:34:01.269888+00:00
closa-selects-halloween-forum-30-10,Closa-Selects-Barcelona-30.10.26,120251229507340338,120251230023500338,true,53,2026-09-16T16:01:12.267871+00:00,2026-10-04T17:49:22.537451+00:00
closa-selects-halloween-forum-30-10,Closa-Selects-Barcelona-30.10.26,CLOSA - OCT 30/10 - SIGN UP 1,TECHNO [MRAK Page],true,43,2026-09-18T12:15:36.019213+00:00,2026-09-23T06:52:30.788437+00:00
closa-selects-halloween-forum-30-10,Closa-Selects-Barcelona-30.10.26,120251229507340338,120251233066520338,true,39,2026-09-16T00:30:40.396137+00:00,2026-09-22T16:59:45.729066+00:00
closa-selects-halloween-forum-30-10,Closa-Selects-Barcelona-30.10.26,CLOSA - OCT 30/10 - SIGN UP 1,TECHNO [NEW POW GUILLEM] - Copia,true,38,2026-09-16T15:13:05.324807+00:00,2026-09-23T06:01:26.868527+00:00
closa-selects-halloween-forum-30-10,Closa-Selects-Barcelona-30.10.26,120251229507340338,120251249417890338,true,37,2026-09-16T23:04:59.679234+00:00,2026-09-20T10:53:42.98199+00:00
closa-selects-halloween-forum-30-10,Closa-Selects-Barcelona-30.10.26,120251229507340338,120251239759380338,true,30,2026-09-16T09:35:12.87657+00:00,2026-09-22T03:26:30.3506+00:00
closa-selects-halloween-forum-30-10,Closa-Selects-Barcelona-30.10.26,120251229507340338,120251233066510338,true,28,2026-09-15T23:07:33.614583+00:00,2026-09-22T12:09:02.329438+00:00
closa-selects-halloween-forum-30-10,Closa-Selects-Barcelona-30.10.26,CLOSA - OCT 30/10 - SIGN UP 1,MRAK,true,28,2026-09-16T10:18:31.329199+00:00,2026-09-20T06:49:53.663256+00:00
closa-selects-halloween-forum-30-10,Closa-Selects-Barcelona-30.10.26,120251229507340338,120251249417860338,true,25,2026-09-16T20:33:52.266459+00:00,2026-09-22T21:33:29.215368+00:00
closa-selects-halloween-forum-30-10,Closa-Selects-Barcelona-30.10.26,120251229507340338,120251246850830338,true,25,2026-09-16T16:58:16.617076+00:00,2026-09-20T09:19:06.986677+00:00
closa-selects-halloween-forum-30-10,Closa-Selects-Barcelona-30.10.26,120251229507340338,120251249442800338,true,24,2026-09-16T23:06:17.131768+00:00,2026-09-22T16:59:24.797662+00:00
closa-selects-halloween-forum-30-10,Closa-Selects-Barcelona-30.10.26,CLOSA - OCT 30/10 - SIGN UP 1,MRAK [MRAK Page],true,22,2026-09-16T09:27:29.081111+00:00,2026-09-23T00:24:58.582477+00:00
closa-selects-halloween-forum-30-10,Closa-Selects-Barcelona-30.10.26,120251229507340338,120251246850800338,true,20,2026-09-16T16:06:16.307524+00:00,2026-09-23T08:58:18.747853+00:00
closa-selects-halloween-forum-30-10,Closa-Selects-Barcelona-30.10.26,{{campaign.name}},{{adset.name}},true,17,2026-09-16T10:50:41.345219+00:00,2026-09-22T18:45:20.663622+00:00
closa-selects-halloween-forum-30-10,Closa-Selects-Barcelona-30.10.26,120251229507340338,120251249442820338,true,17,2026-09-16T20:37:34.585096+00:00,2026-09-21T21:00:30.70978+00:00
closa-selects-halloween-forum-30-10,Closa-Selects-Barcelona-30.10.26,120251229507340338,120251315418060338,true,14,2026-09-20T17:48:36.639721+00:00,2026-09-21T20:03:28.787859+00:00
closa-selects-halloween-forum-30-10,Closa-Selects-Barcelona-30.10.26,120251229507340338,120251229851060338,true,13,2026-09-15T23:29:05.635437+00:00,2026-09-17T17:24:42.692+00:00
closa-selects-halloween-forum-30-10,Closa-Selects-Barcelona-30.10.26,120251229507340338,120251239759370338,true,12,2026-09-16T09:57:29.978259+00:00,2026-09-21T19:20:24.992697+00:00
closa-selects-halloween-forum-30-10,Closa-Selects-Barcelona-30.10.26,120251229507340338,120251233066530338,true,8,2026-09-16T04:00:57.790529+00:00,2026-09-17T21:01:21.845217+00:00
closa-selects-halloween-forum-30-10,Closa-Selects-Barcelona-30.10.26,ticket,,true,7,2026-09-23T13:49:57.700901+00:00,2026-09-23T22:14:58.592759+00:00
closa-selects-halloween-forum-30-10,Closa-Selects-Barcelona-30.10.26,120251229507340338,120251233066540338,true,6,2026-09-15T23:35:33.742768+00:00,2026-09-22T17:03:08.756941+00:00
closa-selects-halloween-forum-30-10,Closa-Selects-Barcelona-30.10.26,ticket_tktpp,,false,5,2026-09-23T14:18:35.527099+00:00,2026-09-23T19:40:26.586717+00:00
closa-selects-halloween-forum-30-10,Closa-Selects-Barcelona-30.10.26,CLOSA - OCT 30/10 - SIGN UP 1,MRAK - CAT exclBCN [MRAK Page],true,5,2026-09-17T08:42:42.786477+00:00,2026-09-18T12:09:02.98363+00:00
closa-selects-halloween-forum-30-10,Closa-Selects-Barcelona-30.10.26,120251229507340338,120251315417970338,true,5,2026-09-20T14:10:19.695996+00:00,2026-09-22T15:28:34.267122+00:00
closa-selects-halloween-forum-30-10,Closa-Selects-Barcelona-30.10.26,120251229507340338,120251259736920338,true,5,2026-09-20T09:24:53.536315+00:00,2026-09-21T18:37:25.79155+00:00
closa-selects-halloween-forum-30-10,Closa-Selects-Barcelona-30.10.26,120251229507340338,120251259736910338,true,4,2026-09-18T11:04:46.192645+00:00,2026-09-20T10:53:51.396356+00:00
closa-selects-halloween-forum-30-10,Closa-Selects-Barcelona-30.10.26,CLOSA - OCT 30/10 - SIGN UP 1,TECHNO [MRAK POVs],true,3,2026-09-16T10:00:45.731406+00:00,2026-09-16T15:39:00.534078+00:00
closa-selects-halloween-forum-30-10,Closa-Selects-Barcelona-30.10.26,120251229507340338,120251315412340338,true,3,2026-09-20T11:42:34.725256+00:00,2026-09-21T20:42:00.236489+00:00
closa-selects-halloween-forum-30-10,Closa-Selects-Barcelona-30.10.26,{{campaign.name}},{{adset.name}},false,3,2026-09-16T12:39:20.759634+00:00,2026-09-16T23:02:18.039341+00:00
closa-selects-halloween-forum-30-10,Closa-Selects-Barcelona-30.10.26,120251229507340338,120251315417950338,true,2,2026-09-21T01:52:12.644211+00:00,2026-09-22T03:54:15.472231+00:00
closa-selects-halloween-forum-30-10,Closa-Selects-Barcelona-30.10.26,120251229507340338,120251249442810338,true,2,2026-09-18T07:40:42.535445+00:00,2026-09-22T22:02:08.260271+00:00
closa-selects-halloween-forum-30-10,Closa-Selects-Barcelona-30.10.26,120251229507340338,120251246850820338,true,2,2026-09-16T16:05:45.365424+00:00,2026-09-16T16:09:36.36806+00:00
closa-selects-halloween-forum-30-10,Closa-Selects-Barcelona-30.10.26,120251229507340338,120251256803040338,true,1,2026-09-17T09:09:27.199577+00:00,2026-09-17T09:09:27.199577+00:00
closa-selects-halloween-forum-30-10,Closa-Selects-Barcelona-30.10.26,120251229507340338,120251315417980338,true,1,2026-09-21T21:02:26.762131+00:00,2026-09-21T21:02:26.762131+00:00
closa-selects-halloween-forum-30-10,Closa-Selects-Barcelona-30.10.26,120251229507340338,120251315417960338,true,1,2026-09-21T17:05:56.377193+00:00,2026-09-21T17:05:56.377193+00:00
closa-selects-halloween-forum-30-10,Closa-Selects-Barcelona-30.10.26,ticket,,false,1,2026-09-23T10:10:30.792183+00:00,2026-09-23T10:10:30.792183+00:00
closa-selects-halloween-forum-30-10,Closa-Selects-Barcelona-30.10.26,120251229507340338,120251249417880338,true,1,2026-09-16T23:06:10.086913+00:00,2026-09-16T23:06:10.086913+00:00
adam-ten-london,CQ-adam-ten-london,[IRW0001] Adam Ten - Signups,,true,369,2026-08-15T08:06:01.310988+00:00,2026-08-19T14:46:21.521928+00:00
adam-ten-london,CQ-adam-ten-london,{{campaign.name}},,true,18,2026-08-15T10:45:50.191539+00:00,2026-08-19T09:29:24.472906+00:00
adam-ten-london,CQ-adam-ten-london,,,false,7,2026-08-13T15:30:30.961998+00:00,2026-08-17T20:30:37.074758+00:00
adam-ten-london,CQ-adam-ten-london,,,true,2,2026-08-15T18:18:36.499177+00:00,2026-08-15T18:49:45.677847+00:00
azyr-newcastle,CQ-azyr-newcastle,[NX26-AZYR] Azyr b2b PB69 - Signup,Wide – Secondary,true,333,2026-09-09T10:14:03.51783+00:00,2026-09-18T09:38:52.762933+00:00
azyr-newcastle,CQ-azyr-newcastle,,,true,228,2026-09-08T17:26:50.096664+00:00,2026-09-18T10:28:07.493217+00:00
azyr-newcastle,CQ-azyr-newcastle,[NX26-AZYR] Azyr b2b PB69 - Signup,Lineup 1% LL,true,187,2026-09-09T09:57:04.848256+00:00,2026-09-18T10:59:51.882402+00:00
azyr-newcastle,CQ-azyr-newcastle,[NX26-AZYR] Azyr b2b PB69 - Signup,Wide,true,152,2026-09-08T18:04:30.399885+00:00,2026-09-17T20:05:42.843049+00:00
azyr-newcastle,CQ-azyr-newcastle,[NX26-AZYR] Azyr b2b PB69 - Signup,Latest phone users,true,137,2026-09-08T17:38:32.489317+00:00,2026-09-18T09:52:41.827882+00:00
azyr-newcastle,CQ-azyr-newcastle,,,false,125,2026-09-02T17:14:49.767827+00:00,2026-09-18T10:30:36.106342+00:00
azyr-newcastle,CQ-azyr-newcastle,[NX26-AZYR] Azyr b2b PB69 - Signup,Music Interests (meta interests),true,98,2026-09-08T17:45:06.011053+00:00,2026-09-17T05:55:52.16173+00:00
azyr-newcastle,CQ-azyr-newcastle,[NX26-AZYR] Azyr b2b PB69 - Signup,Lineup Direct,true,95,2026-09-08T17:35:18.023005+00:00,2026-09-15T21:30:17.859449+00:00
azyr-newcastle,CQ-azyr-newcastle,{{campaign.name}},{{adset.name}},true,86,2026-09-08T17:35:02.042341+00:00,2026-09-18T10:59:58.936345+00:00
azyr-newcastle,CQ-azyr-newcastle,[NX26-AZYR] Azyr b2b PB69 - Signup,Prospecting - Electronic Music,true,65,2026-09-08T17:32:37.176486+00:00,2026-09-17T15:27:12.432095+00:00
azyr-newcastle,CQ-azyr-newcastle,[NX26-AZYR] Azyr b2b PB69 - Signup,Prospecting - Fashionistas,true,46,2026-09-08T17:34:28.26585+00:00,2026-09-17T22:53:57.759683+00:00
azyr-newcastle,CQ-azyr-newcastle,[NX26-AZYR] Azyr b2b PB69 - Signup,Lineup Adv+,true,44,2026-09-08T18:59:52.762535+00:00,2026-09-18T09:09:13.471864+00:00
azyr-newcastle,CQ-azyr-newcastle,[NX26-AZYR] Azyr b2b PB69 - Signup,Streaming,true,39,2026-09-08T17:36:14.074786+00:00,2026-09-16T20:08:53.2653+00:00
azyr-newcastle,CQ-azyr-newcastle,[NX26-AZYR] Azyr b2b PB69 - Signup,Prospecting - Streetwear,true,38,2026-09-08T17:46:41.628952+00:00,2026-09-17T11:09:19.790483+00:00
azyr-newcastle,CQ-azyr-newcastle,AZYR - SIGNUP,NEWCASTLE,false,11,2026-09-10T23:07:59.470693+00:00,2026-09-13T07:02:30.076336+00:00
azyr-newcastle,CQ-azyr-newcastle,[NX26-AZYR] Azyr b2b PB69 - Signup,Lineup Adv+ – Secondary,true,10,2026-09-08T23:07:59.350966+00:00,2026-09-15T13:35:11.769467+00:00
azyr-newcastle,CQ-azyr-newcastle,[NX26-AZYR] Azyr b2b PB69 - Signup,Lineup Suggested,true,8,2026-09-08T19:02:37.973921+00:00,2026-09-10T23:15:22.966279+00:00
azyr-newcastle,CQ-azyr-newcastle,AZYR - SIGNUP,SECONDARY,false,7,2026-09-10T14:13:23.352136+00:00,2026-09-13T20:42:49.946336+00:00
azyr-newcastle,CQ-azyr-newcastle,{{campaign.name}},{{adset.name}},false,4,2026-09-08T18:27:59.958852+00:00,2026-09-13T10:53:50.228455+00:00
azyr-newcastle,CQ-azyr-newcastle,__CAMPAIGN_NAME__,__AID_NAME__,false,2,2026-09-10T19:23:56.149599+00:00,2026-09-10T19:24:14.030732+00:00
azyr-newcastle,CQ-azyr-newcastle,[NX26-AZYR] Azyr b2b PB69 - Signup,Lineup Adv  – Secondary,true,1,2026-09-09T07:02:09.478423+00:00,2026-09-09T07:02:09.478423+00:00
cirqlin-turnstile-proof,CQ-cirqlin-turnstile-proof,,,true,1,2026-09-02T21:58:04.866115+00:00,2026-09-02T21:58:04.866115+00:00
djez-newcastle-live,CQ-djez-newcastle-live,,,true,1,2026-09-03T17:12:56.744687+00:00,2026-09-03T17:12:56.744687+00:00
dod-newcastle,CQ-dod-newcastle,120251489748120402,,true,179,2026-08-24T16:41:55.468599+00:00,2026-08-25T11:22:16.015021+00:00
dod-newcastle,CQ-dod-newcastle,[NX26-DOD] DOD - Signup,Tech House Pages Suggested,true,156,2026-08-26T19:32:59.205347+00:00,2026-09-09T07:42:53.137895+00:00
dod-newcastle,CQ-dod-newcastle,[NX26-DOD] DOD - Signup,Music Media,true,142,2026-08-26T17:12:16.680904+00:00,2026-09-09T09:42:39.126207+00:00
dod-newcastle,CQ-dod-newcastle,120251489748120402,120251489823450402,true,137,2026-08-25T14:05:36.938952+00:00,2026-08-28T18:11:14.911586+00:00
dod-newcastle,CQ-dod-newcastle,120251489748120402,120251540229900402,true,126,2026-08-28T19:09:37.638292+00:00,2026-09-01T20:09:24.690466+00:00
dod-newcastle,CQ-dod-newcastle,[NX26-DOD] DOD - Signup,Fashion,true,106,2026-08-26T21:02:34.440442+00:00,2026-09-09T09:04:30.75257+00:00
dod-newcastle,CQ-dod-newcastle,[NX26-DOD] DOD - Signup,Wide,true,104,2026-08-26T17:15:20.676758+00:00,2026-09-09T10:49:00.859984+00:00
dod-newcastle,CQ-dod-newcastle,,,true,101,2026-08-18T15:31:29.910722+00:00,2026-09-08T18:17:10.366816+00:00
dod-newcastle,CQ-dod-newcastle,[NX26-DOD] DOD - Signup,1% LL Adv+,true,100,2026-08-27T21:36:20.965954+00:00,2026-09-09T05:59:45.28493+00:00
dod-newcastle,CQ-dod-newcastle,120251489748120402,120251540243170402,true,98,2026-08-28T18:42:45.45125+00:00,2026-09-02T04:36:00.055335+00:00
dod-newcastle,CQ-dod-newcastle,{{campaign.name}},{{adset.name}},true,83,2026-08-26T17:09:05.665128+00:00,2026-09-09T08:26:18.840511+00:00
dod-newcastle,CQ-dod-newcastle,,,false,75,2026-08-19T10:11:03.675713+00:00,2026-09-09T09:17:37.097989+00:00
dod-newcastle,CQ-dod-newcastle,[NX26-DOD] DOD - Signup,Streaming,true,54,2026-08-26T16:19:01.676978+00:00,2026-09-08T10:56:06.75785+00:00
dod-newcastle,CQ-dod-newcastle,[NX26-DOD] DOD - Signup,Lifestyle,true,47,2026-08-26T17:05:59.020798+00:00,2026-09-09T08:33:09.779827+00:00
dod-newcastle,CQ-dod-newcastle,[NX26-DOD] DOD - Signup,1% LL,true,47,2026-08-27T21:19:44.422836+00:00,2026-09-05T17:47:32.148499+00:00
dod-newcastle,CQ-dod-newcastle,120251489748120402,120251489822010402,true,40,2026-08-25T12:19:56.424657+00:00,2026-08-28T16:36:42.830586+00:00
dod-newcastle,CQ-dod-newcastle,120251489748120402,120251489810460402,true,37,2026-08-25T12:00:44.472178+00:00,2026-08-28T17:51:29.439888+00:00
dod-newcastle,CQ-dod-newcastle,,link_in_bio,true,30,2026-09-02T17:00:54.392511+00:00,2026-09-09T11:08:14.928684+00:00
dod-newcastle,CQ-dod-newcastle,[NX26-DOD] DOD - Signup - Artist,Tech House Pages,true,28,2026-08-28T17:03:54.328449+00:00,2026-09-06T22:29:29.737434+00:00
dod-newcastle,CQ-dod-newcastle,120251489748120402,120251489748210402,true,23,2026-08-25T12:23:43.337875+00:00,2026-08-27T10:25:56.140938+00:00
dod-newcastle,CQ-dod-newcastle,[NX26-DOD] DOD - Signup - Artist,Venue,true,22,2026-08-28T10:45:04.01765+00:00,2026-09-06T20:22:59.922137+00:00
dod-newcastle,CQ-dod-newcastle,[NX26-DOD] DOD - Signup,Music & Nightlife,true,17,2026-08-26T17:22:06.646731+00:00,2026-09-05T19:01:30.752429+00:00
dod-newcastle,CQ-dod-newcastle,[NX26-DOD] DOD - Signup - Artist,Lifestyle,true,15,2026-08-28T13:21:36.666306+00:00,2026-09-09T10:51:41.912877+00:00
dod-newcastle,CQ-dod-newcastle,[NX26-DOD] DOD - Signup,Wide – Seconndary,true,14,2026-09-08T10:28:56.284513+00:00,2026-09-09T07:51:13.161102+00:00
dod-newcastle,CQ-dod-newcastle,[NX26-DOD] DOD - Signup - Artist,Music Media,true,13,2026-08-28T11:19:18.22229+00:00,2026-09-02T11:32:23.277854+00:00
dod-newcastle,CQ-dod-newcastle,[NX26-DOD] DOD - Signup - Artist,Music & Nightlife,true,11,2026-08-29T09:45:22.968671+00:00,2026-09-08T12:34:15.33434+00:00
dod-newcastle,CQ-dod-newcastle,[NX26-DOD] DOD - Signup - Artist,Streaming,true,9,2026-08-28T11:04:36.828124+00:00,2026-09-07T14:45:39.606683+00:00
dod-newcastle,CQ-dod-newcastle,[NX26-DOD] DOD - Signup - Artist,Disc Genre,true,7,2026-08-28T12:11:22.863293+00:00,2026-09-02T20:02:59.986043+00:00
dod-newcastle,CQ-dod-newcastle,[NX26-DOD] DOD - Signup - Artist,Disco Pages,true,5,2026-09-02T20:08:34.725833+00:00,2026-09-08T23:11:40.266046+00:00
dod-newcastle,CQ-dod-newcastle,[NX26-DOD] DOD - Signup - Artist,WIDE - Students,true,4,2026-08-28T20:32:01.238447+00:00,2026-09-07T07:46:11.194863+00:00
dod-newcastle,CQ-dod-newcastle,[NX26-DOD] DOD - Signup - Artist,Fashion,true,3,2026-08-29T17:22:18.412797+00:00,2026-09-01T19:31:07.65398+00:00
dod-newcastle,CQ-dod-newcastle,[NX26-DOD] DOD - Signup,Venue,true,3,2026-08-26T19:19:08.581443+00:00,2026-08-26T19:31:53.63724+00:00
dod-newcastle,CQ-dod-newcastle,[NX26-DOD] DOD - Signup - Artist,WIDE,true,3,2026-08-28T21:21:20.589211+00:00,2026-09-06T21:25:31.680923+00:00
dod-newcastle,CQ-dod-newcastle,[NX26-DOD] DOD - Signup,Lineup Direct – Secondary – Copy,true,1,2026-09-08T08:45:30.627047+00:00,2026-09-08T08:45:30.627047+00:00
dod-newcastle,CQ-dod-newcastle,%5BNX26-DOD%5D DOD - Signup,Lifestyle,true,1,2026-09-06T15:07:30.254226+00:00,2026-09-06T15:07:30.254226+00:00
dod-newcastle,CQ-dod-newcastle,120251561214170755,120251561234620755,true,1,2026-08-26T15:18:36.569762+00:00,2026-08-26T15:18:36.569762+00:00
dod-newcastle,CQ-dod-newcastle,120251561214170755,120251561290800755,true,1,2026-08-26T15:20:21.490451+00:00,2026-08-26T15:20:21.490451+00:00
event-signup-draft-4,CQ-event-signup-draft-4,52591853860959,52591853861359,true,11,2026-09-04T18:57:23.568055+00:00,2026-09-05T18:28:01.916742+00:00
event-signup-draft-4,CQ-event-signup-draft-4,,,true,8,2026-09-04T17:44:12.138117+00:00,2026-09-05T19:03:36.599434+00:00
event-signup-draft-4,CQ-event-signup-draft-4,,,false,5,2026-09-07T11:30:07.402864+00:00,2026-09-08T11:24:39.882249+00:00
event-signup-draft-4,CQ-event-signup-draft-4,120251875005830229,120251960071340229,true,3,2026-09-07T10:50:39.048614+00:00,2026-09-08T10:17:17.293923+00:00
fever105-sheffield,CQ-fever105-sheffield,[ES26-FEVER105] DAN SHAKE - Signup,Fashion — Primary,true,62,2026-10-02T20:07:17.748007+00:00,2026-10-06T20:09:29.884152+00:00
fever105-sheffield,CQ-fever105-sheffield,[ES26-FEVER105] DAN SHAKE - Signup - Lifetime,Wide,true,47,2026-10-03T09:14:08.978127+00:00,2026-10-06T19:36:59.669454+00:00
fever105-sheffield,CQ-fever105-sheffield,[ES26-FEVER105] DAN SHAKE - Signup - Lifetime,Lifestyle — Primary,true,40,2026-10-03T09:07:28.606183+00:00,2026-10-06T15:25:46.918671+00:00
fever105-sheffield,CQ-fever105-sheffield,,,true,26,2026-10-01T16:10:30.909062+00:00,2026-10-06T20:26:38.786543+00:00
fever105-sheffield,CQ-fever105-sheffield,[ES26-FEVER105] DAN SHAKE - Signup - Lifetime,Lineup — Secondary,true,22,2026-10-05T09:54:37.058814+00:00,2026-10-06T15:48:07.193337+00:00
fever105-sheffield,CQ-fever105-sheffield,[ES26-FEVER105] DAN SHAKE - Signup - Lifetime,Disco Pages new — Secondary,true,22,2026-10-05T12:16:15.023866+00:00,2026-10-06T12:19:20.67542+00:00
fever105-sheffield,CQ-fever105-sheffield,[ES26-FEVER105] DAN SHAKE - Signup - Lifetime,Streaming — Primary,true,21,2026-10-03T08:20:47.315315+00:00,2026-10-06T15:33:28.212175+00:00
fever105-sheffield,CQ-fever105-sheffield,[ES26-FEVER105] DAN SHAKE - Signup - Lifetime,Lineup — Primary,true,19,2026-10-03T17:21:46.977589+00:00,2026-10-04T21:30:37.513324+00:00
fever105-sheffield,CQ-fever105-sheffield,[ES26-FEVER105] DAN SHAKE - Signup,Lifestyle — Primary,true,17,2026-10-02T16:45:17.653871+00:00,2026-10-04T17:51:40.357791+00:00
fever105-sheffield,CQ-fever105-sheffield,[ES26-FEVER105] DAN SHAKE - Signup - Lifetime,Fashion — Primary,true,15,2026-10-03T08:38:32.707717+00:00,2026-10-06T18:45:02.350258+00:00
fever105-sheffield,CQ-fever105-sheffield,[ES26-FEVER105] DAN SHAKE - Signup,Disc Genre — Primary,true,13,2026-10-02T16:07:38.871035+00:00,2026-10-06T19:25:11.393292+00:00
fever105-sheffield,CQ-fever105-sheffield,[ES26-FEVER105] DAN SHAKE - Signup,Streaming — Primary,true,13,2026-10-02T16:06:36.411652+00:00,2026-10-04T09:59:51.843314+00:00
fever105-sheffield,CQ-fever105-sheffield,{{campaign.name}},{{adset.name}},true,13,2026-10-02T16:10:14.910024+00:00,2026-10-06T18:50:51.234039+00:00
fever105-sheffield,CQ-fever105-sheffield,[ES26-FEVER105] DAN SHAKE - Signup,Music & Nightlife — Primary,true,12,2026-10-02T15:27:30.185412+00:00,2026-10-03T21:52:09.738423+00:00
fever105-sheffield,CQ-fever105-sheffield,[ES26-FEVER105] DAN SHAKE - Signup - Lifetime,Disco Pages new — Primary,true,12,2026-10-03T10:32:56.877187+00:00,2026-10-04T19:55:20.977427+00:00
fever105-sheffield,CQ-fever105-sheffield,[ES26-FEVER105] DAN SHAKE - Signup - Lifetime,Tech House — Primary,true,11,2026-10-03T14:33:24.810601+00:00,2026-10-05T11:34:01.401829+00:00
fever105-sheffield,CQ-fever105-sheffield,,,false,11,2026-09-23T13:41:51.611149+00:00,2026-10-05T17:49:09.119821+00:00
fever105-sheffield,CQ-fever105-sheffield,[ES26-FEVER105] DAN SHAKE - Signup,Music Media — Primary,true,10,2026-10-02T15:58:53.84067+00:00,2026-10-05T21:26:17.368121+00:00
fever105-sheffield,CQ-fever105-sheffield,[ES26-FEVER105] DAN SHAKE - Signup - Lifetime,Disco Pages new — Secondary – Copy,true,10,2026-10-05T10:06:07.798764+00:00,2026-10-06T20:12:31.948713+00:00
fever105-sheffield,CQ-fever105-sheffield,[ES26-FEVER105] DAN SHAKE - Signup - Lifetime,Disc Genre — Primary,true,9,2026-10-03T08:10:43.338839+00:00,2026-10-05T08:26:37.146973+00:00
fever105-sheffield,CQ-fever105-sheffield,[ES26-FEVER105] DAN SHAKE - Signup - Lifetime,Music & Nightlife — Primary,true,9,2026-10-03T09:28:10.008445+00:00,2026-10-04T20:06:55.125236+00:00
fever105-sheffield,CQ-fever105-sheffield,[ES26-FEVER105] DAN SHAKE - Signup - Lifetime,Lineup — Primary – Copy,true,9,2026-10-05T17:46:34.385851+00:00,2026-10-06T09:39:01.481662+00:00
fever105-sheffield,CQ-fever105-sheffield,[ES26-FEVER105] DAN SHAKE - Signup,Wide,true,9,2026-10-02T16:03:54.782161+00:00,2026-10-02T21:16:15.646827+00:00
fever105-sheffield,CQ-fever105-sheffield,[ES26-FEVER105] DAN SHAKE - Signup,Disco Pages — Secondary,true,8,2026-10-02T18:16:58.75594+00:00,2026-10-02T21:43:43.239978+00:00
fever105-sheffield,CQ-fever105-sheffield,[ES26-FEVER105] DAN SHAKE - Signup - Lifetime,Lineup — Secondary – Copy,true,8,2026-10-05T10:38:35.278286+00:00,2026-10-06T16:14:03.572139+00:00
fever105-sheffield,CQ-fever105-sheffield,[ES26-FEVER105] DAN SHAKE - Signup - Lifetime,Tech House — Primary – Copy,true,7,2026-10-05T09:47:36.283024+00:00,2026-10-06T13:51:32.848456+00:00
fever105-sheffield,CQ-fever105-sheffield,[ES26-FEVER105] DAN SHAKE - Signup - Lifetime,Disco Pages new — Primary – Copy,true,5,2026-10-05T10:23:19.016577+00:00,2026-10-05T23:02:10.45357+00:00
fever105-sheffield,CQ-fever105-sheffield,[ES26-FEVER105] DAN SHAKE - Signup - Lifetime,Music Media — Primary,true,5,2026-10-03T08:05:19.988649+00:00,2026-10-05T07:55:44.863421+00:00
fever105-sheffield,CQ-fever105-sheffield,[ES26-FEVER105] DAN SHAKE - Signup,Lineup — Primary,true,4,2026-10-02T17:33:20.190966+00:00,2026-10-02T22:17:29.282433+00:00
fever105-sheffield,CQ-fever105-sheffield,[ES26-FEVER105] DAN SHAKE - Signup,Lineup — Secondary,true,4,2026-10-02T18:22:38.158704+00:00,2026-10-02T21:16:32.229331+00:00
fever105-sheffield,CQ-fever105-sheffield,[ES26-FEVER105] DAN SHAKE - Signup,Venue — Primary,true,3,2026-10-02T15:47:13.161394+00:00,2026-10-02T21:49:52.516949+00:00
fever105-sheffield,CQ-fever105-sheffield,[ES26-FEVER105] DAN SHAKE - Signup,Tech House Pages — Primary,true,3,2026-10-02T18:33:04.573274+00:00,2026-10-02T21:57:23.046741+00:00
fever105-sheffield,CQ-fever105-sheffield,[ES26-FEVER105] DAN SHAKE - Signup - Lifetime,Tech House — Primary – Copy 2,true,3,2026-10-05T19:36:14.787584+00:00,2026-10-05T19:45:57.606462+00:00
fever105-sheffield,CQ-fever105-sheffield,[ES26-FEVER105] DAN SHAKE - Signup,Disco Pages — Primary,true,3,2026-10-02T15:53:46.196196+00:00,2026-10-02T21:34:19.249605+00:00
fever105-sheffield,CQ-fever105-sheffield,[ES26-FEVER105] DAN SHAKE - Signup,Disco Pages — Primary – Adv+,true,3,2026-10-02T15:35:00.569395+00:00,2026-10-02T21:19:35.777945+00:00
fever105-sheffield,CQ-fever105-sheffield,[ES26-FEVER105] DAN SHAKE - Signup,Lineup — Primary – Adv+,true,2,2026-10-02T19:08:54.711554+00:00,2026-10-02T19:30:07.324206+00:00
fever105-sheffield,CQ-fever105-sheffield,{{campaign.name}},{{adset.name}},false,1,2026-10-02T17:40:33.006113+00:00,2026-10-02T17:40:33.006113+00:00
folamour-newcastle,CQ-folamour-newcastle,,,false,183,2026-08-27T21:25:30.615889+00:00,2026-09-10T10:56:00.407226+00:00
folamour-newcastle,CQ-folamour-newcastle,[NX26-FOLAMOUR] FOLAMOUR - Signup,Lineup Direct – Wider,true,159,2026-09-07T10:06:52.277431+00:00,2026-09-10T10:16:18.719576+00:00
folamour-newcastle,CQ-folamour-newcastle,[NX26-FOLAMOUR] FOLAMOUR - Signup,Lineup Direct,true,103,2026-09-02T17:44:24.29252+00:00,2026-09-10T07:59:40.471229+00:00
folamour-newcastle,CQ-folamour-newcastle,[NX26-FOLMAOUR] FOLMAOUR - Signup,Lineup Direct,true,91,2026-08-27T19:42:19.524905+00:00,2026-09-07T07:13:01.188823+00:00
folamour-newcastle,CQ-folamour-newcastle,[NX26-FOLAMOUR] FOLAMOUR - Signup,Past Data – Adv+,true,79,2026-09-02T17:11:12.899362+00:00,2026-09-10T06:59:53.701298+00:00
folamour-newcastle,CQ-folamour-newcastle,{{campaign.name}},{{adset.name}},true,77,2026-08-27T21:08:46.900669+00:00,2026-09-10T09:26:03.717728+00:00
folamour-newcastle,CQ-folamour-newcastle,[NX26-FOLMAOUR] FOLMAOUR - Signup,Music Media,true,74,2026-08-27T20:45:27.953245+00:00,2026-09-08T17:09:05.266909+00:00
folamour-newcastle,CQ-folamour-newcastle,[NX26-FOLMAOUR] FOLMAOUR - Signup,Wide,true,72,2026-08-27T20:02:33.773132+00:00,2026-09-07T12:27:26.708311+00:00
folamour-newcastle,CQ-folamour-newcastle,[NX26-FOLAMOUR] FOLAMOUR - Signup,1% Past Data – Adv+,true,65,2026-09-02T18:01:54.6506+00:00,2026-09-09T22:14:46.081679+00:00
folamour-newcastle,CQ-folamour-newcastle,[NX26-FOLMAOUR] FOLMAOUR - Signup,1% Past Data – Adv+,true,63,2026-08-28T00:34:05.04193+00:00,2026-09-10T05:39:15.004131+00:00
folamour-newcastle,CQ-folamour-newcastle,[NX26-FOLMAOUR] FOLMAOUR - Signup,Past Data – Adv+,true,53,2026-08-27T19:45:27.629028+00:00,2026-09-09T01:42:28.145641+00:00
folamour-newcastle,CQ-folamour-newcastle,,,true,43,2026-08-25T13:40:49.824803+00:00,2026-09-10T10:58:10.907822+00:00
folamour-newcastle,CQ-folamour-newcastle,[NX26-FOLAMOUR] FOLAMOUR - Signup,Streaming,true,27,2026-09-02T18:56:33.703566+00:00,2026-09-05T08:03:46.212844+00:00
folamour-newcastle,CQ-folamour-newcastle,[NX26-FOLMAOUR] FOLMAOUR - Signup,Past Data,true,25,2026-08-27T18:49:40.864998+00:00,2026-09-02T00:58:49.015675+00:00
folamour-newcastle,CQ-folamour-newcastle,[NX26-FOLAMOUR] FOLAMOUR - Signup,Wide,true,23,2026-09-02T17:56:40.673266+00:00,2026-09-05T11:53:41.221132+00:00
folamour-newcastle,CQ-folamour-newcastle,[NX26-FOLAMOUR] FOLAMOUR - Signup,Music Media,true,18,2026-09-02T17:52:03.335532+00:00,2026-09-07T11:43:27.710718+00:00
folamour-newcastle,CQ-folamour-newcastle,[NX26-FOLMAOUR] FOLMAOUR - Signup,Lineup,true,14,2026-08-27T23:04:39.482454+00:00,2026-09-02T18:26:19.516083+00:00
folamour-newcastle,CQ-folamour-newcastle,[NX26-FOLMAOUR] FOLMAOUR - Signup,Music & Nightlife,true,13,2026-08-27T20:20:32.112031+00:00,2026-09-05T20:03:22.572933+00:00
folamour-newcastle,CQ-folamour-newcastle,[NX26-FOLMAOUR] FOLMAOUR - Signup,Streaming,true,13,2026-08-27T19:55:53.731+00:00,2026-09-05T04:32:43.931168+00:00
folamour-newcastle,CQ-folamour-newcastle,[NX26-FOLAMOUR] FOLAMOUR - Signup,Tech House Pages,true,12,2026-09-03T17:48:19.201446+00:00,2026-09-05T14:50:31.064445+00:00
folamour-newcastle,CQ-folamour-newcastle,[NX26-FOLAMOUR] FOLAMOUR - Signup,Lifestyle,true,10,2026-09-03T18:09:23.442923+00:00,2026-09-05T20:10:56.73404+00:00
folamour-newcastle,CQ-folamour-newcastle,[NX26-FOLMAOUR] FOLMAOUR - Signup,Disco Pages Adv,true,10,2026-08-27T20:47:23.546073+00:00,2026-09-01T04:47:35.096895+00:00
folamour-newcastle,CQ-folamour-newcastle,[NX26-FOLMAOUR] FOLMAOUR - Signup,Fashion,true,10,2026-08-27T21:10:36.100553+00:00,2026-08-31T09:58:25.72169+00:00
folamour-newcastle,CQ-folamour-newcastle,[NX26-FOLAMOUR] FOLAMOUR - Signup,Music & Nightlife,true,9,2026-09-02T18:54:01.341207+00:00,2026-09-05T07:31:31.749459+00:00
folamour-newcastle,CQ-folamour-newcastle,[NX26-FOLAMOUR] FOLAMOUR - Signup,Fashion,true,9,2026-09-02T18:45:18.394152+00:00,2026-09-06T12:14:36.204888+00:00
folamour-newcastle,CQ-folamour-newcastle,[NX26-FOLAMOUR] FOLAMOUR - Signup,Disco Pages,true,8,2026-09-03T20:21:49.727946+00:00,2026-09-09T18:30:20.461456+00:00
folamour-newcastle,CQ-folamour-newcastle,[NX26-FOLMAOUR] FOLMAOUR - Signup,Disco Pages,true,7,2026-08-27T23:16:28.056989+00:00,2026-09-02T09:22:32.552338+00:00
folamour-newcastle,CQ-folamour-newcastle,[NX26-FOLMAOUR] FOLMAOUR - Signup,Tech House Pages,true,5,2026-08-28T16:58:37.707074+00:00,2026-09-07T01:06:10.416649+00:00
folamour-newcastle,CQ-folamour-newcastle,[NX26-FOLAMOUR] FOLAMOUR - Signup,Lineup,true,5,2026-09-02T18:27:08.34166+00:00,2026-09-04T08:45:50.44432+00:00
folamour-newcastle,CQ-folamour-newcastle,[NX26-FOLMAOUR] FOLMAOUR - Signup,Venue,true,4,2026-08-27T19:53:09.410211+00:00,2026-08-29T15:32:53.440149+00:00
folamour-newcastle,CQ-folamour-newcastle,[NX26-FOLMAOUR] FOLMAOUR - Signup,Disco Pages Adv+,true,4,2026-08-28T09:47:11.100943+00:00,2026-09-04T04:38:47.131001+00:00
folamour-newcastle,CQ-folamour-newcastle,[NX26-FOLAMOUR] FOLAMOUR - Signup,Disco Pages Adv,true,4,2026-09-02T17:18:10.661695+00:00,2026-09-07T12:39:34.562603+00:00
folamour-newcastle,CQ-folamour-newcastle,[NX26-FOLAMOUR] FOLAMOUR - Signup,Disco Pages Adv+,true,3,2026-09-03T19:35:32.231193+00:00,2026-09-04T12:15:24.295185+00:00
folamour-newcastle,CQ-folamour-newcastle,FOLMAOUR - Signup,Lineup,true,2,2026-08-27T19:06:51.236073+00:00,2026-08-27T19:19:35.964117+00:00
folamour-newcastle,CQ-folamour-newcastle,FOLMAOUR - Signup,Wide,true,2,2026-08-27T17:17:54.028056+00:00,2026-08-27T17:21:21.217077+00:00
folamour-newcastle,CQ-folamour-newcastle,[NX26-FOLAMOUR] FOLAMOUR - Signup,Past Data,true,2,2026-09-02T17:22:11.733444+00:00,2026-09-02T19:11:31.643724+00:00
folamour-newcastle,CQ-folamour-newcastle,[NX26-FOLMAOUR] FOLMAOUR - Signup,Lifestyle,true,2,2026-08-27T19:48:36.449483+00:00,2026-08-28T07:24:11.335957+00:00
folamour-newcastle,CQ-folamour-newcastle,FOLMAOUR - Signup,Music & Nightlife,true,2,2026-08-27T17:17:56.18699+00:00,2026-08-27T17:38:47.23544+00:00
folamour-newcastle,CQ-folamour-newcastle,%5BNX26-FOLAMOUR%5D FOLAMOUR - Signup,Music %26 Nightlife,true,1,2026-09-02T19:05:50.70909+00:00,2026-09-02T19:05:50.70909+00:00
folamour-newcastle,CQ-folamour-newcastle,[NX26-FOLMAOUR] FOLMAOUR - Signup,1% Past Data – Adv,true,1,2026-09-07T12:59:35.192931+00:00,2026-09-07T12:59:35.192931+00:00
folamour-newcastle,CQ-folamour-newcastle,[NX26-FOLMAOUR],,true,1,2026-09-02T18:34:11.455418+00:00,2026-09-02T18:34:11.455418+00:00
folamour-newcastle,CQ-folamour-newcastle,FOLMAOUR - Signup,Disco Pages Adv,true,1,2026-08-27T18:19:58.052024+00:00,2026-08-27T18:19:58.052024+00:00
folamour-newcastle,CQ-folamour-newcastle,FOLMAOUR - Signup,Venue,true,1,2026-08-27T19:02:52.762833+00:00,2026-08-27T19:02:52.762833+00:00
folamour-newcastle,CQ-folamour-newcastle,[NX26-FOLAMOUR] FOLAMOUR - Signup,Venue,true,1,2026-09-04T06:14:55.926952+00:00,2026-09-04T06:14:55.926952+00:00
folamour-newcastle,CQ-folamour-newcastle,[NX26-FOLAMOUR] FOLAMOUR - Signup,Past Data – Adv,true,1,2026-09-05T20:32:05.942064+00:00,2026-09-05T20:32:05.942064+00:00
folamour-newcastle,CQ-folamour-newcastle,%5BNX26-FOLAMOUR%5D FOLAMOUR - Signup,Lineup Direct – Wider,true,1,2026-09-09T18:58:34.482675+00:00,2026-09-09T18:58:34.482675+00:00
folamour-newcastle,CQ-folamour-newcastle,[NX26-FOLAMOUR] FOLAMOUR - Signup,Lineup Adv+,true,1,2026-09-04T07:29:06.622065+00:00,2026-09-04T07:29:06.622065+00:00
girlsdontsync-halloween,CQ-girlsdontsync-halloween,,,false,68,2026-09-16T21:51:49.802392+00:00,2026-10-06T19:30:38.380796+00:00
girlsdontsync-halloween,CQ-girlsdontsync-halloween,,,true,51,2026-09-30T11:39:42.688336+00:00,2026-10-06T19:29:41.000322+00:00
girlsdontsync-halloween,CQ-girlsdontsync-halloween,[ES26-GDS] Girls Don't Sync - Sign up – Copy,Prospecting - Fashionistas,true,16,2026-09-30T16:53:17.375496+00:00,2026-10-06T09:05:33.825662+00:00
girlsdontsync-halloween,CQ-girlsdontsync-halloween,{{campaign.name}},{{adset.name}},true,16,2026-09-30T14:49:59.654132+00:00,2026-10-05T18:52:02.101756+00:00
girlsdontsync-halloween,CQ-girlsdontsync-halloween,[ES26-GDS] Girls Don't Sync - Sign up – Lifetime test – Copy,Wide,true,15,2026-09-30T17:45:16.274015+00:00,2026-10-05T18:37:11.404467+00:00
girlsdontsync-halloween,CQ-girlsdontsync-halloween,[ES26-GDS] Girls Don't Sync - Sign up – Copy,GDS - PRIMARY - Suggested,true,12,2026-09-30T19:37:20.589231+00:00,2026-10-05T20:14:23.294624+00:00
girlsdontsync-halloween,CQ-girlsdontsync-halloween,[ES26-GDS] Girls Don't Sync - Sign up – Copy,Similar Pages,true,11,2026-10-01T07:40:05.002502+00:00,2026-10-05T15:30:54.885889+00:00
girlsdontsync-halloween,CQ-girlsdontsync-halloween,,link_in_bio,true,10,2026-10-03T11:33:06.990165+00:00,2026-10-06T15:43:34.383264+00:00
girlsdontsync-halloween,CQ-girlsdontsync-halloween,[ES26-GDS] Girls Don't Sync - Sign up – Copy,GDS 1% LL - PRIMARY,true,8,2026-10-01T01:42:22.516258+00:00,2026-10-05T20:33:57.166956+00:00
girlsdontsync-halloween,CQ-girlsdontsync-halloween,[ES26-GDS] Girls Don't Sync - Sign up – Copy,Prospecting - Electronic Music,true,6,2026-09-30T16:23:11.450059+00:00,2026-10-05T18:43:07.567655+00:00
girlsdontsync-halloween,CQ-girlsdontsync-halloween,[ES26-GDS] Girls Don't Sync - Sign up – Copy,GDS - PRIMARY - Direct,true,6,2026-10-01T06:56:02.931352+00:00,2026-10-02T12:02:34.486763+00:00
girlsdontsync-halloween,CQ-girlsdontsync-halloween,[ES26-GDS] Girls Don't Sync - Sign up – Lifetime test – Copy,GDS - Secondary,true,4,2026-10-01T08:29:01.498625+00:00,2026-10-03T01:25:44.994243+00:00
girlsdontsync-halloween,CQ-girlsdontsync-halloween,[ES26-GDS] Girls Don't Sync - Sign up – Copy,Garage — Primary,true,3,2026-09-30T19:39:54.064432+00:00,2026-10-03T23:43:30.396158+00:00
girlsdontsync-halloween,CQ-girlsdontsync-halloween,[ES26-GDS] Girls Don't Sync - Sign up – Lifetime test,GDS - PRIMARY - Direct,true,2,2026-09-30T14:41:59.601527+00:00,2026-09-30T15:08:32.910968+00:00
girlsdontsync-halloween,CQ-girlsdontsync-halloween,[ES26-GDS] Girls Don't Sync - Sign up – Copy,Latest phone users,true,2,2026-10-01T07:49:56.288602+00:00,2026-10-04T21:27:27.612751+00:00
girlsdontsync-halloween,CQ-girlsdontsync-halloween,[ES26-GDS] Girls Don't Sync - Sign up – Copy,Prospecting - Streetwear,true,2,2026-10-05T18:32:56.847588+00:00,2026-10-05T22:22:25.564428+00:00
girlsdontsync-halloween,CQ-girlsdontsync-halloween,[ES26-GDS] Girls Don't Sync - Sign up – Copy,GDS - PRIMARY - Adv+,true,2,2026-10-03T21:40:08.779985+00:00,2026-10-05T12:48:16.107062+00:00
girlsdontsync-halloween,CQ-girlsdontsync-halloween,{{campaign.name}},{{adset.name}},false,2,2026-09-30T14:09:09.140541+00:00,2026-09-30T14:27:36.678576+00:00
girlsdontsync-halloween,CQ-girlsdontsync-halloween,[ES26-GDS] Girls Don't Sync - Sign up – Copy,Hot Data,true,2,2026-09-30T20:31:01.14445+00:00,2026-10-05T13:18:46.361092+00:00
girlsdontsync-halloween,CQ-girlsdontsync-halloween,[ES26-GDS] Girls Don't Sync - Sign up – Copy,Data 1% Lookalike,true,2,2026-09-30T21:00:49.483224+00:00,2026-10-05T15:50:35.120134+00:00
girlsdontsync-halloween,CQ-girlsdontsync-halloween,[ES26-GDS] Girls Don't Sync - Sign up – Copy,Music Interests (meta interests),true,2,2026-10-03T13:07:45.478538+00:00,2026-10-05T15:13:47.083607+00:00
girlsdontsync-halloween,CQ-girlsdontsync-halloween,[ES26-GDS] Girls Don't Sync - Sign up – Lifetime test,Wide,true,2,2026-09-30T14:15:38.036735+00:00,2026-09-30T14:32:29.812822+00:00
girlsdontsync-halloween,CQ-girlsdontsync-halloween,[ES26-GDS] Girls Don't Sync - Sign up – Lifetime test,GDS - Secondary,true,1,2026-09-30T15:08:56.176015+00:00,2026-09-30T15:08:56.176015+00:00
girlsdontsync-halloween,CQ-girlsdontsync-halloween,[ES26-GDS] Girls Don't Sync - Sign up – Lifetime test – Copy,GDS - PRIMARY - Direct,true,1,2026-10-01T18:38:51.825676+00:00,2026-10-01T18:38:51.825676+00:00
girlsdontsync-halloween,CQ-girlsdontsync-halloween,[ES26-GDS] Girls Don't Sync - Sign up,Music Interests (meta interests),true,1,2026-09-30T15:36:42.708219+00:00,2026-09-30T15:36:42.708219+00:00
girlsdontsync-halloween,CQ-girlsdontsync-halloween,[ES26-GDS] Girls Don't Sync - Sign up – Copy,Streaming,true,1,2026-09-30T18:28:57.010449+00:00,2026-09-30T18:28:57.010449+00:00
girlsdontsync-halloween,CQ-girlsdontsync-halloween,[ES26-GDS] Girls Don't Sync - Sign up – Copy,Wide,true,1,2026-09-30T15:57:34.232266+00:00,2026-09-30T15:57:34.232266+00:00
girlsdontsync-halloween,CQ-girlsdontsync-halloween,[ES26-GDS] Girls Don't Sync - Sign up – Copy,GDS - Secondary,true,1,2026-09-30T16:33:13.095208+00:00,2026-09-30T16:33:13.095208+00:00
girlsdontsync-halloween,CQ-girlsdontsync-halloween,[ES26-GDS] Girls Don't Sync - Sign up,Prospecting - Electronic Music,true,1,2026-09-30T14:51:54.824731+00:00,2026-09-30T14:51:54.824731+00:00
groove-armada-london,CQ-groove-armada-london,[IRW0005] APPETITE — Groove Armad - Signups,Wide — Primary,true,402,2026-09-24T17:42:25.307009+00:00,2026-09-28T15:47:49.92047+00:00
groove-armada-london,CQ-groove-armada-london,[IRW0005] APPETITE — Groove Armad - Signups,Wide - Secondary,true,400,2026-09-24T17:39:11.746148+00:00,2026-09-28T15:36:05.574091+00:00
groove-armada-london,CQ-groove-armada-london,[IRW0005] APPETITE — Groove Armad - Signups,Groove Armada — Primary,true,258,2026-09-24T17:44:09.380404+00:00,2026-09-28T16:10:30.318101+00:00
groove-armada-london,CQ-groove-armada-london,[IRW0005] APPETITE — Groove Armad - Signups,Disco — Primary,true,229,2026-09-24T17:43:27.365026+00:00,2026-09-28T16:05:49.282986+00:00
groove-armada-london,CQ-groove-armada-london,[IRW0005] APPETITE — Groove Armad - Signups,Streaming — Primary,true,221,2026-09-24T17:41:39.501034+00:00,2026-09-28T15:43:33.096987+00:00
groove-armada-london,CQ-groove-armada-london,[IRW0005] APPETITE — Groove Armad - Signups,House Music — Primary,true,212,2026-09-24T17:40:16.784851+00:00,2026-09-28T16:11:42.933475+00:00
groove-armada-london,CQ-groove-armada-london,[IRW0005] APPETITE — Groove Armad - Signups,Ironworks — Primary,true,203,2026-09-24T17:40:26.779575+00:00,2026-09-28T16:06:01.753524+00:00
groove-armada-london,CQ-groove-armada-london,[IRW0005] APPETITE — Groove Armad - Signups,Electronic Music — Primary,true,149,2026-09-24T17:40:07.172092+00:00,2026-09-28T16:02:37.233612+00:00
groove-armada-london,CQ-groove-armada-london,[IRW0005] APPETITE — Groove Armad - Signups,Groove Armada — Primary Adv+,true,140,2026-09-24T19:24:42.021359+00:00,2026-09-28T16:02:52.381293+00:00
groove-armada-london,CQ-groove-armada-london,[IRW0005] APPETITE — Groove Armad - Signups,Disco / Classic House — Primary  Adv+,true,84,2026-09-24T19:13:20.867645+00:00,2026-09-27T21:42:34.577634+00:00
groove-armada-london,CQ-groove-armada-london,[IRW0005] APPETITE — Groove Armad - Signups,Groove Armada — Secondary,true,70,2026-09-24T19:15:22.218203+00:00,2026-09-28T14:19:06.081959+00:00
groove-armada-london,CQ-groove-armada-london,{{campaign.name}},{{adset.name}},true,55,2026-09-24T17:51:00.366977+00:00,2026-09-29T23:51:15.561744+00:00
groove-armada-london,CQ-groove-armada-london,,,false,28,2026-09-24T22:09:21.835313+00:00,2026-10-01T20:30:20.408055+00:00
groove-armada-london,CQ-groove-armada-london,,,true,9,2026-09-24T11:20:08.48245+00:00,2026-09-27T21:15:23.155639+00:00
groove-armada-london,CQ-groove-armada-london,[IRW0005] APPETITE — Groove Armad - Signups,Disco / Classic House — Secondary,true,8,2026-09-24T19:37:54.269232+00:00,2026-09-25T06:27:58.322405+00:00
groove-armada-london,CQ-groove-armada-london,[IRW0005] APPETITE — Groove Armad - Signups,Disco / Classic House — Primary,true,5,2026-09-24T19:14:22.266224+00:00,2026-09-25T07:43:13.801081+00:00
groove-armada-london,CQ-groove-armada-london,{{campaign.name}},{{adset.name}},false,4,2026-09-24T20:06:44.553828+00:00,2026-09-27T23:22:49.37927+00:00
groove-armada-london,CQ-groove-armada-london,[IRW0005] APPETITE — Groove Armad - Signups,Disco / Classic House — Primary  Adv,true,2,2026-09-27T07:06:31.869837+00:00,2026-09-27T18:42:41.499791+00:00
groove-armada-london,CQ-groove-armada-london,[IRW0005] APPETITE — Groove Armad - Signups,Groove Armada — Primary Adv,true,1,2026-09-27T20:09:27.781277+00:00,2026-09-27T20:09:27.781277+00:00
insights-demo-53c39891-a,CQ-insights-demo-53c39891-a,,,false,41,2026-07-28T20:57:16.437689+00:00,2026-07-28T20:57:21.29527+00:00
insights-demo-53c39891-a,CQ-insights-demo-53c39891-a,,,true,11,2026-07-28T20:57:16.358289+00:00,2026-07-28T20:57:20.915658+00:00
insights-demo-53c39891-b,CQ-insights-demo-53c39891-b,,,false,25,2026-07-28T20:57:23.464866+00:00,2026-07-28T20:57:26.091944+00:00
insights-demo-53c39891-b,CQ-insights-demo-53c39891-b,,,true,9,2026-07-28T20:57:23.394734+00:00,2026-07-28T20:57:26.028315+00:00
insights-demo-53c39891-c,CQ-insights-demo-53c39891-c,,,false,15,2026-07-28T20:57:27.385318+00:00,2026-07-28T20:57:28.905627+00:00
insights-demo-53c39891-c,CQ-insights-demo-53c39891-c,,,true,6,2026-07-28T20:57:27.319582+00:00,2026-07-28T20:57:28.977648+00:00
insights-demo-53c39891-d,CQ-insights-demo-53c39891-d,,,false,6,2026-07-28T20:57:29.750067+00:00,2026-07-28T20:57:30.214057+00:00
insights-demo-53c39891-d,CQ-insights-demo-53c39891-d,,,true,3,2026-07-28T20:57:29.682443+00:00,2026-07-28T20:57:30.279363+00:00
kream-bristol,CQ-kream-bristol,[EBR26-KREAM] KREAM - Signup,Lineup — Secondary,true,6,2026-10-06T19:20:23.77714+00:00,2026-10-06T20:22:17.951583+00:00
kream-bristol,CQ-kream-bristol,[EBR26-KREAM] KREAM - Signup,Fashion,true,5,2026-10-06T19:15:13.537616+00:00,2026-10-06T20:10:52.25579+00:00
kream-bristol,CQ-kream-bristol,{{campaign.name}},{{adset.name}},true,5,2026-10-06T17:34:37.965664+00:00,2026-10-06T19:59:14.820218+00:00
kream-bristol,CQ-kream-bristol,,,false,3,2026-10-05T19:26:20.652928+00:00,2026-10-06T19:21:02.052108+00:00
kream-bristol,CQ-kream-bristol,[EBR26-KREAM] KREAM - Signup,Venue,true,3,2026-10-06T19:23:15.09703+00:00,2026-10-06T20:15:13.256403+00:00
kream-bristol,CQ-kream-bristol,[EBR26-KREAM] KREAM - Signup,Disc Genre,true,3,2026-10-06T17:46:49.196016+00:00,2026-10-06T19:31:50.160827+00:00
kream-bristol,CQ-kream-bristol,[EBR26-KREAM] KREAM - Signup,Adv+,true,3,2026-10-06T18:58:55.374193+00:00,2026-10-06T20:10:46.743832+00:00
kream-bristol,CQ-kream-bristol,[EBR26-KREAM] KREAM - Signup,Tech House Pages,true,3,2026-10-06T18:52:49.640135+00:00,2026-10-06T20:14:54.857414+00:00
kream-bristol,CQ-kream-bristol,[EBR26-KREAM] KREAM - Signup,WIDE,true,2,2026-10-06T17:39:41.861566+00:00,2026-10-06T20:24:53.851417+00:00
kream-bristol,CQ-kream-bristol,[EBR26-KREAM] KREAM - Signup,Streaming,true,2,2026-10-06T19:22:31.009426+00:00,2026-10-06T19:37:07.21265+00:00
kream-bristol,CQ-kream-bristol,,,true,2,2026-10-06T19:18:46.566412+00:00,2026-10-06T19:22:34.796756+00:00
kream-bristol,CQ-kream-bristol,[EBR26-KREAM] KREAM - Signup,Lifestyle,true,2,2026-10-06T18:01:56.76156+00:00,2026-10-06T19:39:21.797938+00:00
kream-bristol,CQ-kream-bristol,[EBR26-KREAM] KREAM - Signup,Lineup — Primary – Adv+,true,1,2026-10-06T20:16:38.182471+00:00,2026-10-06T20:16:38.182471+00:00
kream-bristol,CQ-kream-bristol,[EBR26-KREAM] KREAM - Signup,Lineup — Primary,true,1,2026-10-06T19:51:59.249806+00:00,2026-10-06T19:51:59.249806+00:00
kream-bristol,CQ-kream-bristol,[EBR26-KREAM] KREAM - Signup,Music Media,true,1,2026-10-06T17:44:52.562264+00:00,2026-10-06T17:44:52.562264+00:00
kream-bristol,CQ-kream-bristol,[EBR26-KREAM] KREAM - Signup,Curated — Secondary,true,1,2026-10-06T20:06:03.957133+00:00,2026-10-06T20:06:03.957133+00:00
kream-bristol,CQ-kream-bristol,[EBR26-KREAM] KREAM - Signup,Music & Nightlife,true,1,2026-10-06T19:23:38.905534+00:00,2026-10-06T19:23:38.905534+00:00
nx-loves-aw26,CQ-nx-loves-aw26,[NX26-GLOBAL] Registration - UK,Nx Loves - Retargeting – Adv+,true,114,2026-09-20T14:51:55.789202+00:00,2026-10-06T20:12:38.75597+00:00
nx-loves-aw26,CQ-nx-loves-aw26,[NX26-GLOBAL] Registration - EU,Nx Loves - Retargeting – Adv+,true,102,2026-09-19T17:21:46.102272+00:00,2026-10-06T16:47:04.122465+00:00
nx-loves-aw26,CQ-nx-loves-aw26,[NX26-GLOBAL] Registration - USA,Nx Loves - 1% LL,true,59,2026-09-20T06:33:37.092597+00:00,2026-10-05T05:14:39.165052+00:00
nx-loves-aw26,CQ-nx-loves-aw26,[NX26-GLOBAL] Registration - Primary,Nx Loves - Retargeting – Adv+,true,51,2026-09-19T14:23:03.116357+00:00,2026-10-06T00:29:18.329127+00:00
nx-loves-aw26,CQ-nx-loves-aw26,[NX26-GLOBAL] Registration,Lookalikes - Wider,true,43,2026-09-19T23:43:39.786875+00:00,2026-09-29T15:33:58.33212+00:00
nx-loves-aw26,CQ-nx-loves-aw26,[NX26-GLOBAL] Registration - Primary,Wide Adv+,true,22,2026-09-21T13:55:57.250331+00:00,2026-10-05T20:54:03.047227+00:00
nx-loves-aw26,CQ-nx-loves-aw26,[NX26-GLOBAL] Registration - Primary,Lookalikes - Wider,true,22,2026-09-23T21:28:59.404396+00:00,2026-09-29T08:04:26.091669+00:00
nx-loves-aw26,CQ-nx-loves-aw26,[NX26-GLOBAL] Registration - UK,Nx Loves - 1% LL,true,19,2026-09-19T10:59:57.107059+00:00,2026-09-24T09:33:25.924489+00:00
nx-loves-aw26,CQ-nx-loves-aw26,[NX26-GLOBAL] Registration,Prospecting - Streetwear,true,17,2026-09-20T07:50:47.144167+00:00,2026-10-06T15:38:02.695105+00:00
nx-loves-aw26,CQ-nx-loves-aw26,,,true,13,2026-09-18T08:44:08.415738+00:00,2026-10-05T18:28:32.664342+00:00
nx-loves-aw26,CQ-nx-loves-aw26,[NX26-GLOBAL] Registration - EU,Nx Loves - 1% LL,true,7,2026-09-20T09:37:39.007855+00:00,2026-09-26T12:50:37.354363+00:00
nx-loves-aw26,CQ-nx-loves-aw26,[NX26-GLOBAL] Registration - Newcastle,Nx Loves - Retargeting – Adv+,true,7,2026-09-30T13:33:56.901633+00:00,2026-10-02T15:35:19.979768+00:00
nx-loves-aw26,CQ-nx-loves-aw26,[NX26-GLOBAL] Registration,Prospecting - Electronic Music,true,5,2026-09-19T10:23:20.791903+00:00,2026-09-22T12:44:32.080262+00:00
nx-loves-aw26,CQ-nx-loves-aw26,{{campaign.name}},{{adset.name}},true,5,2026-09-21T20:47:32.803695+00:00,2026-09-30T09:41:08.857478+00:00
nx-loves-aw26,CQ-nx-loves-aw26,[NX26-GLOBAL] Registration,Prospecting - Wider,true,5,2026-09-20T02:40:58.963324+00:00,2026-09-22T12:26:32.3715+00:00
nx-loves-aw26,CQ-nx-loves-aw26,[NX26-GLOBAL] Registration,Latest phone users,true,5,2026-09-19T21:26:53.649912+00:00,2026-09-21T13:04:38.764927+00:00
nx-loves-aw26,CQ-nx-loves-aw26,,,false,4,2026-09-24T09:39:24.462115+00:00,2026-10-01T08:24:49.71525+00:00
nx-loves-aw26,CQ-nx-loves-aw26,[NX26-GLOBAL] Registration,Music Interests (meta interests),true,4,2026-09-19T22:49:50.217575+00:00,2026-09-21T14:10:47.982139+00:00
nx-loves-aw26,CQ-nx-loves-aw26,[NX26-GLOBAL] Registration - USA,Prospecting - Fashionistas,true,4,2026-09-19T20:23:35.195136+00:00,2026-09-23T01:38:14.762191+00:00
nx-loves-aw26,CQ-nx-loves-aw26,[NX26-GLOBAL] Registration - USA,Nx Loves - Retargeting – Adv+,true,4,2026-09-19T19:56:53.537451+00:00,2026-09-21T02:15:34.692281+00:00
nx-loves-aw26,CQ-nx-loves-aw26,[NX26-GLOBAL] Registration - Primary,Nx Loves - 1% LL,true,3,2026-09-20T00:31:34.750802+00:00,2026-09-21T22:03:21.973706+00:00
nx-loves-aw26,CQ-nx-loves-aw26,[NX26-GLOBAL] Registration - USA,Music Interests (meta interests),true,2,2026-09-20T00:00:39.459311+00:00,2026-09-21T02:38:11.005112+00:00
nx-loves-aw26,CQ-nx-loves-aw26,[NX26-GLOBAL] Registration - UK,Nx Loves - Retargeting,true,2,2026-09-19T13:18:43.27846+00:00,2026-09-19T21:57:44.833171+00:00
nx-loves-aw26,CQ-nx-loves-aw26,[NX26-GLOBAL] Registration,Nx Loves - Retargeting,true,2,2026-09-19T10:52:28.170491+00:00,2026-09-19T19:42:02.195235+00:00
nx-loves-aw26,CQ-nx-loves-aw26,[NX26-GLOBAL] Registration - UK,Prospecting - Fashionistas,true,2,2026-09-20T06:55:14.321173+00:00,2026-09-20T07:09:13.643477+00:00
nx-loves-aw26,CQ-nx-loves-aw26,[NX26-GLOBAL] Registration,Streaming,true,2,2026-09-19T10:29:08.202316+00:00,2026-09-19T14:33:01.757627+00:00
nx-loves-aw26,CQ-nx-loves-aw26,[NX26-GLOBAL] Registration - EU,Prospecting - Wider,true,2,2026-09-19T10:59:49.642876+00:00,2026-09-19T17:36:43.877712+00:00
nx-loves-aw26,CQ-nx-loves-aw26,[NX26-GLOBAL] Registration - USA,Prospecting - Wider,true,1,2026-09-19T15:27:08.351187+00:00,2026-09-19T15:27:08.351187+00:00
nx-loves-aw26,CQ-nx-loves-aw26,[NX26-GLOBAL] Registration - Primary,Prospecting - Streetwear,true,1,2026-09-30T20:55:58.64128+00:00,2026-09-30T20:55:58.64128+00:00
nx-loves-aw26,CQ-nx-loves-aw26,[NX26-GLOBAL] Registration - EU,Streaming,true,1,2026-09-19T23:43:53.70047+00:00,2026-09-19T23:43:53.70047+00:00
nx-loves-aw26,CQ-nx-loves-aw26,[NX26-GLOBAL] Registration - Newcastle,Lookalikes - Wider,true,1,2026-09-30T11:31:34.913543+00:00,2026-09-30T11:31:34.913543+00:00
nx-loves-aw26,CQ-nx-loves-aw26,[NX26-GLOBAL] Registration - UK,Latest phone users,true,1,2026-09-19T21:45:31.192421+00:00,2026-09-19T21:45:31.192421+00:00
nx-loves-aw26,CQ-nx-loves-aw26,[NX26-GLOBAL] Registration - EU,Latest phone users,true,1,2026-09-19T12:47:27.224059+00:00,2026-09-19T12:47:27.224059+00:00
nx-loves-aw26,CQ-nx-loves-aw26,[NX26-GLOBAL] Registration - USA,Nx Loves - Retargeting,true,1,2026-09-27T22:30:23.305886+00:00,2026-09-27T22:30:23.305886+00:00
nx-loves-aw26,CQ-nx-loves-aw26,[NX26-GLOBAL] Registration,Prospecting - Fashionistas,true,1,2026-09-19T23:55:41.002434+00:00,2026-09-19T23:55:41.002434+00:00
p3-verify-a1b2c3,CQ-p3-verify-a1b2c3,,,false,3,2026-07-25T17:36:14.204611+00:00,2026-07-25T17:37:31.524579+00:00
p3-verify-perf-1,CQ-p3-verify-perf-1,,,false,32,2026-07-25T17:38:46.618721+00:00,2026-07-25T19:23:43.242061+00:00
p3-verify-perf-10,CQ-p3-verify-perf-10,,,false,30,2026-07-25T17:38:56.839303+00:00,2026-07-25T18:20:26.582575+00:00
p3-verify-perf-2,CQ-p3-verify-perf-2,,,false,30,2026-07-25T17:38:47.750667+00:00,2026-07-25T18:20:25.219268+00:00
p3-verify-perf-3,CQ-p3-verify-perf-3,,,false,30,2026-07-25T17:38:48.869731+00:00,2026-07-25T18:20:25.374735+00:00
p3-verify-perf-4,CQ-p3-verify-perf-4,,,false,30,2026-07-25T17:38:49.869757+00:00,2026-07-25T18:20:25.523821+00:00
p3-verify-perf-5,CQ-p3-verify-perf-5,,,false,30,2026-07-25T17:38:50.950543+00:00,2026-07-25T18:20:25.723646+00:00
p3-verify-perf-6,CQ-p3-verify-perf-6,,,false,30,2026-07-25T17:38:51.969303+00:00,2026-07-25T18:20:25.870673+00:00
p3-verify-perf-7,CQ-p3-verify-perf-7,,,false,30,2026-07-25T17:38:53.011204+00:00,2026-07-25T18:20:26.025337+00:00
p3-verify-perf-8,CQ-p3-verify-perf-8,,,false,30,2026-07-25T17:38:54.049599+00:00,2026-07-25T18:20:26.274301+00:00
p3-verify-perf-9,CQ-p3-verify-perf-9,,,false,30,2026-07-25T17:38:55.069292+00:00,2026-07-25T18:20:26.429255+00:00
puzzle-circuit-oct-17,CQ-puzzle-circuit-oct-17,120247327335720539,,true,173,2026-08-13T23:42:48.928873+00:00,2026-08-24T23:05:45.1364+00:00
puzzle-circuit-oct-17,CQ-puzzle-circuit-oct-17,,,true,126,2026-08-13T13:09:26.401746+00:00,2026-08-25T17:21:11.906872+00:00
puzzle-circuit-oct-17,CQ-puzzle-circuit-oct-17,,,false,10,2026-08-13T06:46:27.375045+00:00,2026-08-25T10:09:53.75057+00:00
puzzle-circuit-oct-17,CQ-puzzle-circuit-oct-17,,link_in_bio,true,6,2026-08-25T12:26:08.092038+00:00,2026-08-25T16:05:29.892933+00:00
puzzle-circuit-sat-17-oct,CQ-puzzle-circuit-sat-17-oct,,,false,2,2026-08-06T16:32:11.377829+00:00,2026-08-07T16:30:40.886211+00:00
robbiedoherty-newcastle,CQ-robbiedoherty-newcastle,,,false,93,2026-09-22T05:44:09.154614+00:00,2026-10-06T19:27:36.343395+00:00
robbiedoherty-newcastle,CQ-robbiedoherty-newcastle,,,true,91,2026-09-30T16:20:27.173416+00:00,2026-10-06T14:00:19.717089+00:00
robbiedoherty-newcastle,CQ-robbiedoherty-newcastle,[NX26-ROBBIEDOHERTY[ Signup,Lineup – Secondary,true,89,2026-10-01T10:06:16.633366+00:00,2026-10-06T17:08:19.142047+00:00
robbiedoherty-newcastle,CQ-robbiedoherty-newcastle,[NX26-ROBBIEDOHERTY[ Signup,Lineup — Primary,true,82,2026-10-01T10:32:43.640771+00:00,2026-10-05T19:39:29.934364+00:00
robbiedoherty-newcastle,CQ-robbiedoherty-newcastle,[NX26-ROBBIEDOHERTY[ Signup,Fashion & Streetwear,true,48,2026-10-01T10:43:53.14178+00:00,2026-10-06T14:16:51.783332+00:00
robbiedoherty-newcastle,CQ-robbiedoherty-newcastle,[NX26-ROBBIEDOHERTY[ Signup,Wide — Primary,true,44,2026-10-01T11:56:10.307598+00:00,2026-10-05T21:35:52.252919+00:00
robbiedoherty-newcastle,CQ-robbiedoherty-newcastle,[NX26-ROBBIEDOHERTY[ Signup – Lifetime,Lineup – Secondary,true,42,2026-10-01T10:42:15.078948+00:00,2026-10-05T09:13:33.114149+00:00
robbiedoherty-newcastle,CQ-robbiedoherty-newcastle,[NX26-ROBBIEDOHERTY[ Signup,Lineup,true,35,2026-10-01T10:23:39.454245+00:00,2026-10-06T19:20:15.666695+00:00
robbiedoherty-newcastle,CQ-robbiedoherty-newcastle,{{campaign.name}},{{adset.name}},true,30,2026-10-01T10:32:48.706313+00:00,2026-10-06T09:36:26.065937+00:00
robbiedoherty-newcastle,CQ-robbiedoherty-newcastle,[NX26-ROBBIEDOHERTY[ Signup,Similar Pages,true,19,2026-10-01T10:28:14.719393+00:00,2026-10-05T17:41:55.804662+00:00
robbiedoherty-newcastle,CQ-robbiedoherty-newcastle,[NX26-ROBBIEDOHERTY[ Signup,House Music,true,17,2026-10-01T10:57:42.053362+00:00,2026-10-05T11:33:42.367669+00:00
robbiedoherty-newcastle,CQ-robbiedoherty-newcastle,[NX26-ROBBIEDOHERTY[ Signup,Media & Entertainment,true,16,2026-10-01T10:29:23.245926+00:00,2026-10-04T19:30:32.064205+00:00
robbiedoherty-newcastle,CQ-robbiedoherty-newcastle,[NX26-ROBBIEDOHERTY[ Signup,Retargeting,true,14,2026-10-01T10:18:43.226135+00:00,2026-10-05T08:25:44.861737+00:00
robbiedoherty-newcastle,CQ-robbiedoherty-newcastle,[NX26-ROBBIEDOHERTY[ Signup,Lineup — Primary – 1%,true,14,2026-10-01T16:49:41.430704+00:00,2026-10-05T08:48:28.012303+00:00
robbiedoherty-newcastle,CQ-robbiedoherty-newcastle,[NX26-ROBBIEDOHERTY[ Signup,Lineup – Adv+,true,14,2026-10-01T10:13:56.049835+00:00,2026-10-05T23:08:29.690488+00:00
robbiedoherty-newcastle,CQ-robbiedoherty-newcastle,[NX26-ROBBIEDOHERTY[ Signup – Lifetime,Wide,true,8,2026-10-01T10:44:02.584212+00:00,2026-10-01T14:28:09.590542+00:00
robbiedoherty-newcastle,CQ-robbiedoherty-newcastle,[NX26-ROBBIEDOHERTY[ Signup – Lifetime,Lineup,true,2,2026-10-01T12:13:19.085147+00:00,2026-10-01T14:04:29.912976+00:00
robbiedoherty-newcastle,CQ-robbiedoherty-newcastle,{{campaign.name}},{{adset.name}},false,2,2026-10-01T15:16:42.893123+00:00,2026-10-01T15:54:34.153816+00:00
robbiedoherty-newcastle,CQ-robbiedoherty-newcastle,[NX26-ROBBIEDOHERTY[ Signup – Lifetime,Wide — Primary,true,2,2026-10-03T18:59:54.377544+00:00,2026-10-04T20:16:24.164187+00:00
robbiedoherty-newcastle,CQ-robbiedoherty-newcastle,[NX26-ROBBIEDOHERTY[ Signup – Lifetime,Similar Pages,true,1,2026-10-04T02:13:16.921172+00:00,2026-10-04T02:13:16.921172+00:00
robbiedoherty-newcastle,CQ-robbiedoherty-newcastle,[NX26-ROBBIEDOHERTY[ Signup,Wide,true,1,2026-10-01T10:44:36.117598+00:00,2026-10-01T10:44:36.117598+00:00
rudimental-newcastle,CQ-rudimental-newcastle,[NX26-RUDIMENTAL] RUDIMENTAL - Sign Up,Wide,true,139,2026-09-23T19:37:56.112408+00:00,2026-10-01T09:22:39.909136+00:00
rudimental-newcastle,CQ-rudimental-newcastle,[NX26-RUDIMENTAL] RUDIMENTAL - Sign Up,Disc Genre,true,129,2026-09-23T18:02:45.843541+00:00,2026-10-01T07:12:13.143173+00:00
rudimental-newcastle,CQ-rudimental-newcastle,,,false,127,2026-09-18T19:11:36.022734+00:00,2026-10-01T11:58:18.406744+00:00
rudimental-newcastle,CQ-rudimental-newcastle,[NX26-RUDIMENTAL] RUDIMENTAL - Sign Up,Music Media,true,123,2026-09-23T17:41:25.101884+00:00,2026-10-01T08:25:03.98053+00:00
rudimental-newcastle,CQ-rudimental-newcastle,[NX26-RUDIMENTAL] RUDIMENTAL - Sign Up,DnB,true,117,2026-09-23T17:54:24.009924+00:00,2026-10-01T06:51:31.720475+00:00
rudimental-newcastle,CQ-rudimental-newcastle,[NX26-RUDIMENTAL] RUDIMENTAL - Sign Up,Disco Pages,true,97,2026-09-23T17:44:02.225326+00:00,2026-10-01T08:02:10.182528+00:00
rudimental-newcastle,CQ-rudimental-newcastle,,,true,89,2026-09-23T16:03:08.683723+00:00,2026-10-01T10:02:55.358113+00:00
rudimental-newcastle,CQ-rudimental-newcastle,[NX26-RUDIMENTAL] RUDIMENTAL - Sign Up,Lifestyle,true,68,2026-09-23T18:31:27.638933+00:00,2026-10-01T09:36:59.278059+00:00
rudimental-newcastle,CQ-rudimental-newcastle,[NX26-RUDIMENTAL] RUDIMENTAL - Sign Up,Music & Nightlife,true,66,2026-09-23T17:48:59.15677+00:00,2026-10-01T00:54:00.062073+00:00
rudimental-newcastle,CQ-rudimental-newcastle,[NX26-RUDIMENTAL] RUDIMENTAL - Sign Up,Lineup,true,47,2026-09-23T17:59:03.60045+00:00,2026-09-30T12:54:12.420441+00:00
rudimental-newcastle,CQ-rudimental-newcastle,[NX26-RUDIMENTAL] RUDIMENTAL - Sign Up,Fashion,true,33,2026-09-23T17:43:19.306871+00:00,2026-10-01T01:30:48.15159+00:00
rudimental-newcastle,CQ-rudimental-newcastle,[NX26-RUDIMENTAL] RUDIMENTAL - Sign Up,Streaming,true,27,2026-09-23T17:49:07.401799+00:00,2026-09-30T07:51:41.587975+00:00
rudimental-newcastle,CQ-rudimental-newcastle,{{campaign.name}},{{adset.name}},true,22,2026-09-23T18:47:50.700478+00:00,2026-09-30T14:27:32.207319+00:00
rudimental-newcastle,CQ-rudimental-newcastle,[NX26-RUDIMENTAL] RUDIMENTAL - Sign Up,Tech House Pages,true,7,2026-09-23T19:44:23.377078+00:00,2026-09-24T06:28:53.561725+00:00
rudimental-newcastle,CQ-rudimental-newcastle,{{campaign.name}},{{adset.name}},false,4,2026-09-24T06:43:02.955468+00:00,2026-09-30T21:39:19.404886+00:00
rudimental-newcastle,CQ-rudimental-newcastle,%5BNX26-RUDIMENTAL%5D RUDIMENTAL - Sign Up,Music Media,true,1,2026-09-29T16:22:41.165776+00:00,2026-09-29T16:22:41.165776+00:00
s3-scale-55115e91-0,CQ-s3-scale-55115e91-0,,,true,11,2026-07-26T01:01:52.17978+00:00,2026-07-26T01:01:55.710336+00:00
s3-scale-55115e91-1,CQ-s3-scale-55115e91-1,,,false,11,2026-07-26T01:01:52.486092+00:00,2026-07-26T01:01:55.618122+00:00
s3-scale-55115e91-10,CQ-s3-scale-55115e91-10,,,true,10,2026-07-26T01:01:52.363721+00:00,2026-07-26T01:01:55.960241+00:00
s3-scale-55115e91-11,CQ-s3-scale-55115e91-11,,,false,10,2026-07-26T01:01:53.170484+00:00,2026-07-26T01:01:55.966595+00:00
s3-scale-55115e91-12,CQ-s3-scale-55115e91-12,,,false,10,2026-07-26T01:01:52.40926+00:00,2026-07-26T01:01:55.582346+00:00
s3-scale-55115e91-13,CQ-s3-scale-55115e91-13,,,false,10,2026-07-26T01:01:52.563879+00:00,2026-07-26T01:01:55.968967+00:00
s3-scale-55115e91-14,CQ-s3-scale-55115e91-14,,,false,10,2026-07-26T01:01:52.606316+00:00,2026-07-26T01:01:55.757162+00:00
s3-scale-55115e91-2,CQ-s3-scale-55115e91-2,,,false,11,2026-07-26T01:01:52.312603+00:00,2026-07-26T01:01:55.797641+00:00
s3-scale-55115e91-3,CQ-s3-scale-55115e91-3,,,false,11,2026-07-26T01:01:52.571605+00:00,2026-07-26T01:01:55.840673+00:00
s3-scale-55115e91-4,CQ-s3-scale-55115e91-4,,,false,11,2026-07-26T01:01:52.677486+00:00,2026-07-26T01:01:55.653367+00:00
s3-scale-55115e91-5,CQ-s3-scale-55115e91-5,,,true,11,2026-07-26T01:01:53.303063+00:00,2026-07-26T01:01:55.539048+00:00
s3-scale-55115e91-6,CQ-s3-scale-55115e91-6,,,false,11,2026-07-26T01:01:52.488511+00:00,2026-07-26T01:01:55.507145+00:00
s3-scale-55115e91-7,CQ-s3-scale-55115e91-7,,,false,11,2026-07-26T01:01:52.514519+00:00,2026-07-26T01:01:55.668202+00:00
s3-scale-55115e91-8,CQ-s3-scale-55115e91-8,,,false,11,2026-07-26T01:01:52.315265+00:00,2026-07-26T01:01:55.564534+00:00
s3-scale-55115e91-9,CQ-s3-scale-55115e91-9,,,false,10,2026-07-26T01:01:52.281065+00:00,2026-07-26T01:01:55.975222+00:00
schak-newcastle,CQ-schak-newcastle,,link_in_bio,true,457,2026-09-03T15:30:21.464205+00:00,2026-09-25T15:33:48.279627+00:00
schak-newcastle,CQ-schak-newcastle,[NX26-SCHAK] SCHAK Signup,Lineup Direct,true,186,2026-09-08T19:07:38.727599+00:00,2026-09-25T10:29:21.579547+00:00
schak-newcastle,CQ-schak-newcastle,,,false,166,2026-09-03T15:28:16.759104+00:00,2026-09-25T15:41:57.849917+00:00
schak-newcastle,CQ-schak-newcastle,,,true,164,2026-09-03T15:26:08.577465+00:00,2026-09-25T08:50:02.49775+00:00
schak-newcastle,CQ-schak-newcastle,[NX26-SCHAK] SCHAK Signup,Prospecting - Streetwear,true,107,2026-09-08T17:42:21.212684+00:00,2026-09-24T17:20:46.36218+00:00
schak-newcastle,CQ-schak-newcastle,[NX26-SCHAK] SCHAK Signup,Prospecting - Electronic Music,true,95,2026-09-08T17:36:42.646516+00:00,2026-09-24T20:59:01.169584+00:00
schak-newcastle,CQ-schak-newcastle,[NX26-SCHAK] SCHAK Signup,Prospecting - Fashionistas,true,79,2026-09-08T17:40:04.371446+00:00,2026-09-24T13:29:45.338042+00:00
schak-newcastle,CQ-schak-newcastle,{{campaign.name}},{{adset.name}},true,77,2026-09-08T19:30:30.069649+00:00,2026-09-24T18:26:50.49303+00:00
schak-newcastle,CQ-schak-newcastle,[NX26-SCHAK] SCHAK Signup,Past Data,true,72,2026-09-09T10:06:33.535455+00:00,2026-09-24T19:53:16.49127+00:00
schak-newcastle,CQ-schak-newcastle,[NX26-SCHAK] SCHAK Signup,Lineup Adv+ – Secondary,true,66,2026-09-08T19:40:42.649639+00:00,2026-09-23T18:53:05.069855+00:00
schak-newcastle,CQ-schak-newcastle,[NX26-SCHAK] SCHAK Signup,Latest phone users,true,58,2026-09-08T17:47:31.284982+00:00,2026-09-23T14:08:23.177735+00:00
schak-newcastle,CQ-schak-newcastle,[NX26-SCHAK] SCHAK Signup,Lineup Adv+,true,53,2026-09-08T20:19:51.665021+00:00,2026-09-21T11:09:35.994224+00:00
schak-newcastle,CQ-schak-newcastle,[NX26-SCHAK] SCHAK Signup,Streaming,true,47,2026-09-08T17:36:00.580831+00:00,2026-09-20T20:07:54.46158+00:00
schak-newcastle,CQ-schak-newcastle,[NX26-SCHAK] SCHAK Signup,Wide,true,46,2026-09-08T17:36:33.279695+00:00,2026-09-23T18:39:30.359055+00:00
schak-newcastle,CQ-schak-newcastle,[NX26-SCHAK] SCHAK Signup,Music Interests (meta interests),true,40,2026-09-08T17:56:51.217986+00:00,2026-09-19T16:03:41.921198+00:00
schak-newcastle,CQ-schak-newcastle,120251738050060755,120251949458390755,true,15,2026-09-23T21:37:42.450143+00:00,2026-09-25T10:06:18.92307+00:00
schak-newcastle,CQ-schak-newcastle,120251738050060755,120251949458300755,true,12,2026-09-23T18:59:27.255638+00:00,2026-09-25T15:51:15.103161+00:00
schak-newcastle,CQ-schak-newcastle,120251738050060755,120251949451800755,true,11,2026-09-23T19:47:24.228305+00:00,2026-09-25T05:17:33.935046+00:00
schak-newcastle,CQ-schak-newcastle,120251738050060755,120251949458310755,true,10,2026-09-23T18:56:43.570532+00:00,2026-09-25T11:14:20.212724+00:00
schak-newcastle,CQ-schak-newcastle,120251738050060755,120251949458380755,true,8,2026-09-23T19:22:09.821218+00:00,2026-09-25T15:52:30.577303+00:00
schak-newcastle,CQ-schak-newcastle,120251738050060755,120251949458330755,true,7,2026-09-23T21:00:32.341224+00:00,2026-09-24T21:18:59.066908+00:00
schak-newcastle,CQ-schak-newcastle,120251738050060755,120251949458260755,true,5,2026-09-23T20:00:08.034103+00:00,2026-09-25T09:32:20.874637+00:00
schak-newcastle,CQ-schak-newcastle,[NX26-SCHAK] SCHAK Signup,Past Data – Adv+,true,4,2026-09-09T11:28:54.250704+00:00,2026-09-09T12:43:55.231845+00:00
schak-newcastle,CQ-schak-newcastle,120251738050060755,120251949458270755,true,2,2026-09-24T17:34:58.04717+00:00,2026-09-25T01:40:32.309451+00:00
schak-newcastle,CQ-schak-newcastle,[NX26-SCHAK] SCHAK Signup,Past Data – 1% LL,true,2,2026-09-09T11:34:53.183241+00:00,2026-09-09T21:30:32.955841+00:00
schak-newcastle,CQ-schak-newcastle,[NX26-SCHAK] SCHAK Signup,Lineup,true,2,2026-09-08T19:01:16.650119+00:00,2026-09-08T23:32:32.224448+00:00
schak-newcastle,CQ-schak-newcastle,{{campaign.name}},{{adset.name}},false,1,2026-09-12T14:32:50.513983+00:00,2026-09-12T14:32:50.513983+00:00
jackies-halloween-forum-31-10,Jackies-Halloween-Forum-31.10.26,,,true,175,2026-08-26T10:16:24.940805+00:00,2026-10-04T13:40:47.97447+00:00
jackies-halloween-forum-31-10,Jackies-Halloween-Forum-31.10.26,,,false,151,2026-08-26T09:44:57.92822+00:00,2026-09-20T01:06:21.162829+00:00
jackies-halloween-forum-31-10,Jackies-Halloween-Forum-31.10.26,120250757778530338,120250865426520338,true,139,2026-08-28T17:44:06.045137+00:00,2026-09-05T12:23:16.389398+00:00
jackies-halloween-forum-31-10,Jackies-Halloween-Forum-31.10.26,120250757778530338,120250833535090338,true,75,2026-08-27T15:52:51.984633+00:00,2026-09-01T23:07:24.20798+00:00
jackies-halloween-forum-31-10,Jackies-Halloween-Forum-31.10.26,120250757778530338,120250865328820338,true,50,2026-08-28T17:28:19.900218+00:00,2026-09-01T18:57:13.291132+00:00
jackies-halloween-forum-31-10,Jackies-Halloween-Forum-31.10.26,120250757778530338,120250837794590338,true,42,2026-08-27T23:16:57.969541+00:00,2026-09-01T21:57:41.16869+00:00
jackies-halloween-forum-31-10,Jackies-Halloween-Forum-31.10.26,120250757778530338,120250757811670338,true,41,2026-08-26T21:33:03.636012+00:00,2026-08-31T19:08:17.101185+00:00
jackies-halloween-forum-31-10,Jackies-Halloween-Forum-31.10.26,120250757778530338,120250828144890338,true,32,2026-08-27T14:03:12.581515+00:00,2026-08-31T15:23:01.272153+00:00
jackies-halloween-forum-31-10,Jackies-Halloween-Forum-31.10.26,120250757778530338,120250827837400338,true,31,2026-08-27T21:35:23.961342+00:00,2026-08-31T21:03:15.019834+00:00
jackies-halloween-forum-31-10,Jackies-Halloween-Forum-31.10.26,120250757778530338,120250813345600338,true,31,2026-08-26T21:00:40.361454+00:00,2026-08-29T09:46:31.553476+00:00
jackies-halloween-forum-31-10,Jackies-Halloween-Forum-31.10.26,120250757778530338,120250813345590338,true,27,2026-08-27T01:04:07.472026+00:00,2026-08-29T08:22:10.680461+00:00
jackies-halloween-forum-31-10,Jackies-Halloween-Forum-31.10.26,120250757778530338,120250824744070338,true,26,2026-08-27T15:38:35.466814+00:00,2026-10-04T13:19:57.882007+00:00
jackies-halloween-forum-31-10,Jackies-Halloween-Forum-31.10.26,120250757778530338,120250828144910338,true,25,2026-08-27T17:32:45.433542+00:00,2026-09-01T05:45:13.051057+00:00
jackies-halloween-forum-31-10,Jackies-Halloween-Forum-31.10.26,120250757778530338,120250865426510338,true,23,2026-08-28T17:20:38.662113+00:00,2026-08-31T20:48:53.929893+00:00
jackies-halloween-forum-31-10,Jackies-Halloween-Forum-31.10.26,120250757778530338,120250824976030338,true,23,2026-08-27T13:59:59.822744+00:00,2026-08-31T12:43:48.402158+00:00
jackies-halloween-forum-31-10,Jackies-Halloween-Forum-31.10.26,120250757778530338,120250823995330338,true,18,2026-08-27T08:34:45.150743+00:00,2026-09-01T04:38:31.485191+00:00
jackies-halloween-forum-31-10,Jackies-Halloween-Forum-31.10.26,120250757778530338,120250757838100338,true,17,2026-08-27T05:50:16.307072+00:00,2026-09-01T00:20:14.210135+00:00
jackies-halloween-forum-31-10,Jackies-Halloween-Forum-31.10.26,120250757778530338,120250813588550338,true,16,2026-08-27T08:23:36.123396+00:00,2026-08-31T17:12:23.722936+00:00
jackies-halloween-forum-31-10,Jackies-Halloween-Forum-31.10.26,120250757778530338,120250813345620338,true,12,2026-08-26T21:52:55.511307+00:00,2026-08-29T08:38:12.728126+00:00
jackies-halloween-forum-31-10,Jackies-Halloween-Forum-31.10.26,120250757778530338,120250813588580338,true,11,2026-08-26T23:37:07.946152+00:00,2026-08-29T08:37:42.894065+00:00
jackies-halloween-forum-31-10,Jackies-Halloween-Forum-31.10.26,120250757778530338,120250814032140338,true,9,2026-08-27T05:29:02.863758+00:00,2026-09-01T11:05:54.70129+00:00
jackies-halloween-forum-31-10,Jackies-Halloween-Forum-31.10.26,120250757778530338,120250813963640338,true,8,2026-08-28T05:48:46.407239+00:00,2026-08-31T20:35:38.97749+00:00
jackies-halloween-forum-31-10,Jackies-Halloween-Forum-31.10.26,120250757778530338,120250813521000338,true,8,2026-08-26T20:52:27.107405+00:00,2026-09-07T13:38:09.041789+00:00
jackies-halloween-forum-31-10,Jackies-Halloween-Forum-31.10.26,120250757778530338,120250824976040338,true,8,2026-08-27T08:54:30.323003+00:00,2026-08-31T17:33:26.861448+00:00
jackies-halloween-forum-31-10,Jackies-Halloween-Forum-31.10.26,120250757778530338,120250813924050338,true,7,2026-08-27T21:34:39.926216+00:00,2026-08-30T16:14:22.2736+00:00
jackies-halloween-forum-31-10,Jackies-Halloween-Forum-31.10.26,120250757778530338,120250813345630338,true,7,2026-08-26T21:26:51.973437+00:00,2026-08-28T13:54:57.178953+00:00
jackies-halloween-forum-31-10,Jackies-Halloween-Forum-31.10.26,120250757778530338,120250813798780338,true,7,2026-08-27T04:42:54.252997+00:00,2026-08-31T10:01:16.042964+00:00
jackies-halloween-forum-31-10,Jackies-Halloween-Forum-31.10.26,120250757778530338,120250814072830338,true,6,2026-08-27T03:35:21.160078+00:00,2026-09-01T20:45:28.935039+00:00
jackies-halloween-forum-31-10,Jackies-Halloween-Forum-31.10.26,120250757778530338,120250824021680338,true,6,2026-08-28T19:04:25.863731+00:00,2026-08-29T06:53:11.386568+00:00
jackies-halloween-forum-31-10,Jackies-Halloween-Forum-31.10.26,120250757778530338,120250813588560338,true,6,2026-08-27T10:10:54.514994+00:00,2026-08-29T19:37:43.295678+00:00
jackies-halloween-forum-31-10,Jackies-Halloween-Forum-31.10.26,120250757778530338,120250813924080338,true,5,2026-08-27T14:54:51.229443+00:00,2026-08-31T22:06:08.206156+00:00
jackies-halloween-forum-31-10,Jackies-Halloween-Forum-31.10.26,120250757778530338,120250930923290338,true,4,2026-08-31T20:03:49.509546+00:00,2026-09-01T05:35:31.67809+00:00
jackies-halloween-forum-31-10,Jackies-Halloween-Forum-31.10.26,120250757778530338,120250813588540338,true,4,2026-08-27T06:23:06.749299+00:00,2026-08-31T07:48:20.116576+00:00
jackies-halloween-forum-31-10,Jackies-Halloween-Forum-31.10.26,120250757778530338,120250833734120338,true,4,2026-08-27T16:52:11.080138+00:00,2026-08-30T08:45:00.267335+00:00
jackies-halloween-forum-31-10,Jackies-Halloween-Forum-31.10.26,120250757778530338,120250757871710338,true,4,2026-08-26T22:10:26.784703+00:00,2026-08-27T06:37:02.823072+00:00
jackies-halloween-forum-31-10,Jackies-Halloween-Forum-31.10.26,120250757778530338,120250833671690338,true,4,2026-08-27T15:49:58.598594+00:00,2026-08-29T07:25:11.441576+00:00
jackies-halloween-forum-31-10,Jackies-Halloween-Forum-31.10.26,120250757778530338,120250757846390338,true,3,2026-08-27T03:58:34.928909+00:00,2026-08-27T07:21:12.377577+00:00
jackies-halloween-forum-31-10,Jackies-Halloween-Forum-31.10.26,120250757778530338,120250813735370338,true,3,2026-08-27T12:29:55.407136+00:00,2026-08-28T21:19:14.90634+00:00
jackies-halloween-forum-31-10,Jackies-Halloween-Forum-31.10.26,120250757778530338,120250813345610338,true,3,2026-08-27T04:08:25.699581+00:00,2026-08-27T08:15:32.616534+00:00
jackies-halloween-forum-31-10,Jackies-Halloween-Forum-31.10.26,120250757778530338,120250827837370338,true,3,2026-08-27T16:37:45.092634+00:00,2026-08-28T21:01:44.02906+00:00
jackies-halloween-forum-31-10,Jackies-Halloween-Forum-31.10.26,,link_in_bio,true,3,2026-08-31T08:22:37.226335+00:00,2026-09-02T15:40:42.3796+00:00
jackies-halloween-forum-31-10,Jackies-Halloween-Forum-31.10.26,120250757778530338,120250813735380338,true,3,2026-08-27T10:19:18.589096+00:00,2026-08-27T17:04:00.013084+00:00
jackies-halloween-forum-31-10,Jackies-Halloween-Forum-31.10.26,120250757778530338,120250824744080338,true,2,2026-08-27T10:26:46.561533+00:00,2026-08-27T21:32:43.181935+00:00
jackies-halloween-forum-31-10,Jackies-Halloween-Forum-31.10.26,120250757778530338,120250930901840338,true,2,2026-08-31T18:41:17.268713+00:00,2026-08-31T20:00:15.011603+00:00
jackies-halloween-forum-31-10,Jackies-Halloween-Forum-31.10.26,120250757778530338,120250813944110338,true,2,2026-08-27T19:25:58.762482+00:00,2026-08-27T22:06:52.194606+00:00
jackies-halloween-forum-31-10,Jackies-Halloween-Forum-31.10.26,120250757778530338,120250757871700338,true,2,2026-08-27T03:02:43.256781+00:00,2026-08-27T07:16:24.942901+00:00
jackies-halloween-forum-31-10,Jackies-Halloween-Forum-31.10.26,120250757778530338,120250813588590338,true,2,2026-08-26T21:16:11.422525+00:00,2026-08-28T20:34:17.861588+00:00
jackies-halloween-forum-31-10,Jackies-Halloween-Forum-31.10.26,120250757778530338,120250813982150338,true,2,2026-08-29T23:00:35.329936+00:00,2026-08-29T23:00:54.840647+00:00
jackies-halloween-forum-31-10,Jackies-Halloween-Forum-31.10.26,120250757778530338,120250813661230338,true,2,2026-08-30T17:57:29.569271+00:00,2026-08-30T18:04:01.84655+00:00
jackies-halloween-forum-31-10,Jackies-Halloween-Forum-31.10.26,120250757778530338,120250828144900338,true,1,2026-08-27T14:22:33.461438+00:00,2026-08-27T14:22:33.461438+00:00
jackies-halloween-forum-31-10,Jackies-Halloween-Forum-31.10.26,120250757778530338,120250813904430338,true,1,2026-08-27T00:09:39.787115+00:00,2026-08-27T00:09:39.787115+00:00
jackies-halloween-forum-31-10,Jackies-Halloween-Forum-31.10.26,120250757778530338,120250930923280338,true,1,2026-08-31T18:42:32.230987+00:00,2026-08-31T18:42:32.230987+00:00
jackies-halloween-forum-31-10,Jackies-Halloween-Forum-31.10.26,120250757778530338,120250814072840338,true,1,2026-08-27T03:55:33.692983+00:00,2026-08-27T03:55:33.692983+00:00
jackies-halloween-forum-31-10,Jackies-Halloween-Forum-31.10.26,120250757778530338,120250865399930338,true,1,2026-08-30T22:57:38.112105+00:00,2026-08-30T22:57:38.112105+00:00
jackies-halloween-forum-31-10,Jackies-Halloween-Forum-31.10.26,120250757778530338,120250813904420338,true,1,2026-08-30T19:44:53.829855+00:00,2026-08-30T19:44:53.829855+00:00
jackies-halloween-forum-31-10,Jackies-Halloween-Forum-31.10.26,120250757778530338,120250930796080338,true,1,2026-08-31T20:04:21.59972+00:00,2026-08-31T20:04:21.59972+00:00
jackies-mallorca-amok-14-11,Jackies-Mallorca-14.11.26,JACKIES MALL - NOV 14/11 - SIGN UP 1,TECHNO [POV Fiesta],true,138,2026-09-09T13:22:27.926176+00:00,2026-09-16T06:27:34.140467+00:00
jackies-mallorca-amok-14-11,Jackies-Mallorca-14.11.26,JACKIES MALL - NOV 14/11 - SIGN UP 1,SIN GUSTOS [POV Fiesta],true,99,2026-09-09T14:13:13.971689+00:00,2026-09-15T22:19:07.327367+00:00
jackies-mallorca-amok-14-11,Jackies-Mallorca-14.11.26,JACKIES MALL - NOV 14/11 - SIGN UP 1,JACKIES RMK [POV Fiesta],true,93,2026-09-09T13:22:18.884764+00:00,2026-09-16T06:37:26.135855+00:00
jackies-mallorca-amok-14-11,Jackies-Mallorca-14.11.26,JACKIES MALL - NOV 14/11 - SIGN UP 1,SIN GUSTOS [Hot Since POV],true,66,2026-09-09T13:48:38.808775+00:00,2026-09-15T22:45:04.979509+00:00
jackies-mallorca-amok-14-11,Jackies-Mallorca-14.11.26,JACKIES MALL - NOV 14/11 - SIGN UP 1,TECHNO [Hot Since POV],true,60,2026-09-09T12:47:37.98549+00:00,2026-09-15T21:29:01.592062+00:00
jackies-mallorca-amok-14-11,Jackies-Mallorca-14.11.26,{{campaign.name}},{{adset.name}},true,53,2026-09-09T15:46:38.216704+00:00,2026-09-16T02:37:30.289848+00:00
jackies-mallorca-amok-14-11,Jackies-Mallorca-14.11.26,JACKIES MALL - NOV 14/11 - SIGN UP 1,JACKIES RMK [Hot Since POV],true,49,2026-09-09T12:57:26.25909+00:00,2026-09-15T19:09:36.170784+00:00
jackies-mallorca-amok-14-11,Jackies-Mallorca-14.11.26,,,false,43,2026-09-09T10:39:39.782871+00:00,2026-09-16T21:49:05.908043+00:00
jackies-mallorca-amok-14-11,Jackies-Mallorca-14.11.26,JACKIES MALL - NOV 14/11 - SIGN UP 1,JACKIES RMK [+1.500],true,36,2026-09-11T09:59:48.674568+00:00,2026-09-15T22:12:36.320035+00:00
jackies-mallorca-amok-14-11,Jackies-Mallorca-14.11.26,,,true,36,2026-09-09T11:24:54.464955+00:00,2026-09-17T07:12:17.283499+00:00
jackies-mallorca-amok-14-11,Jackies-Mallorca-14.11.26,JACKIES MALL - NOV 14/11 - SIGN UP 1,TECHNO [AB HOT 82],true,15,2026-09-10T10:39:03.566783+00:00,2026-09-15T12:11:51.623043+00:00
jackies-mallorca-amok-14-11,Jackies-Mallorca-14.11.26,{{campaign.name}},{{adset.name}},false,1,2026-09-10T16:33:53.489699+00:00,2026-09-10T16:33:53.489699+00:00
jackies-mallorca-amok-14-11,Jackies-Mallorca-14.11.26,JACKIES MALL - NOV 14/11 - SIGN UP 1,JACKIES RMK [ 1.500],true,1,2026-09-13T14:14:19.867993+00:00,2026-09-13T14:14:19.867993+00:00
jackies-mallorca-amok-14-11,Jackies-Mallorca-14.11.26,,link_in_bio,true,1,2026-09-16T22:11:21.356812+00:00,2026-09-16T22:11:21.356812+00:00
kinyxx-london-13-11,KINYXX-London-13.11.26,KINYXX LON - NOV 13/11 - SIGN UP,TECHNO - POVs 1-2-3 – Copy,true,148,2026-08-31T15:43:09.129219+00:00,2026-09-07T01:33:40.803536+00:00
kinyxx-london-13-11,KINYXX-London-13.11.26,KINYXX LON - NOV 13/11 - SIGN UP,KINYXX REMARKETING – Copy,true,65,2026-08-31T16:36:16.403988+00:00,2026-09-07T00:52:02.987493+00:00
kinyxx-london-13-11,KINYXX-London-13.11.26,,,true,34,2026-08-31T10:31:03.968886+00:00,2026-10-03T20:29:27.499231+00:00
kinyxx-london-13-11,KINYXX-London-13.11.26,KINYXX LON - NOV 13/11 - SIGN UP,TECHNO - POVs 11-14,true,30,2026-09-02T16:11:59.347688+00:00,2026-09-07T02:17:09.845797+00:00
kinyxx-london-13-11,KINYXX-London-13.11.26,KINYXX LON - NOV 13/11 - SIGN UP,KINYXX REMARKETING,true,27,2026-08-31T17:32:24.639647+00:00,2026-09-07T06:40:43.80678+00:00
kinyxx-london-13-11,KINYXX-London-13.11.26,KINYXX LON - NOV 13/11 - SIGN UP,LAL 1% KINYXX,true,12,2026-09-03T13:29:52.795679+00:00,2026-09-06T06:06:42.696496+00:00
kinyxx-london-13-11,KINYXX-London-13.11.26,{{campaign.name}},{{adset.name}},true,8,2026-09-01T00:54:23.26989+00:00,2026-09-24T11:08:07.894211+00:00
kinyxx-london-13-11,KINYXX-London-13.11.26,,,false,2,2026-08-31T11:36:37.451408+00:00,2026-09-07T08:55:29.468056+00:00
kinyxx-madrid-halloween-01-11,KINYXX-Madrid-01.11.26,,,false,3,2026-08-20T22:42:41.441684+00:00,2026-08-21T16:08:18.912996+00:00
kinyxx-madrid-halloween-01-11,KINYXX-Madrid-01.11.26,,,true,2,2026-08-21T15:23:03.495011+00:00,2026-08-21T16:35:05.802199+00:00
ref-fury-halloween,test,,,false,4,2026-07-25T18:08:55.338627+00:00,2026-07-25T23:05:09.010434+00:00
ref-bwl-skream-benga,test,cowork-172-verify,adset-verify,true,1,2026-09-04T23:03:36.09131+00:00,2026-09-04T23:03:36.09131+00:00
ref-evntree-jackies,test,,,false,1,2026-08-14T13:55:12.295295+00:00,2026-08-14T13:55:12.295295+00:00
ref-evntree-jackies,test,,,true,1,2026-08-14T14:08:41.938934+00:00,2026-08-14T14:08:41.938934+00:00
throwback-amsterdam-17-10,Throwback-Amsterdam-17.10.26-A,120250757032420338,,true,101,2026-08-24T11:25:53.129959+00:00,2026-08-25T11:19:24.52344+00:00
throwback-amsterdam-17-10,Throwback-Amsterdam-17.10.26-A,120250757032420338,120250757703070338,true,72,2026-08-25T18:10:07.474035+00:00,2026-08-30T20:00:56.475714+00:00
throwback-amsterdam-17-10,Throwback-Amsterdam-17.10.26-A,120250757032420338,120250757703290338,true,61,2026-08-25T14:36:58.061164+00:00,2026-09-01T12:06:59.909972+00:00
throwback-amsterdam-17-10,Throwback-Amsterdam-17.10.26-A,,,true,48,2026-08-24T08:33:39.868122+00:00,2026-09-23T10:32:18.554776+00:00
throwback-amsterdam-17-10,Throwback-Amsterdam-17.10.26-A,120250757032420338,120250757703220338,true,48,2026-08-25T15:13:57.770467+00:00,2026-09-01T10:20:14.637879+00:00
throwback-amsterdam-17-10,Throwback-Amsterdam-17.10.26-A,120250757032420338,120250757703400338,true,39,2026-08-25T19:46:10.144923+00:00,2026-08-31T06:36:36.085112+00:00
throwback-amsterdam-17-10,Throwback-Amsterdam-17.10.26-A,120250757032420338,120250757703480338,true,34,2026-08-25T19:59:58.60431+00:00,2026-08-31T06:36:07.416437+00:00
throwback-amsterdam-17-10,Throwback-Amsterdam-17.10.26-A,120250757032420338,120250757703120338,true,29,2026-08-26T13:51:21.00504+00:00,2026-08-30T21:38:26.058053+00:00
throwback-amsterdam-17-10,Throwback-Amsterdam-17.10.26-A,120250757032420338,120250757703610338,true,28,2026-08-25T18:34:37.835676+00:00,2026-10-03T19:29:15.723775+00:00
throwback-amsterdam-17-10,Throwback-Amsterdam-17.10.26-A,120250757032420338,120250757703340338,true,10,2026-08-25T13:03:55.479722+00:00,2026-09-12T17:27:31.175963+00:00
throwback-amsterdam-17-10,Throwback-Amsterdam-17.10.26-A,120250757032420338,120250757703160338,true,8,2026-08-25T13:56:27.855607+00:00,2026-08-30T14:28:18.715528+00:00
throwback-amsterdam-17-10,Throwback-Amsterdam-17.10.26-A,120250757032420338,120250757703310338,true,8,2026-08-26T12:58:18.164236+00:00,2026-08-30T13:09:50.155234+00:00
throwback-amsterdam-17-10,Throwback-Amsterdam-17.10.26-A,120250757032420338,120250757703110338,true,8,2026-08-25T16:16:36.590667+00:00,2026-09-08T05:12:57.573319+00:00
throwback-amsterdam-17-10,Throwback-Amsterdam-17.10.26-A,120250757032420338,120250757703630338,true,7,2026-08-26T19:56:18.473606+00:00,2026-09-08T09:59:03.522877+00:00
throwback-amsterdam-17-10,Throwback-Amsterdam-17.10.26-A,120250757032420338,120250757703080338,true,7,2026-08-25T19:14:25.032022+00:00,2026-08-29T13:57:07.551454+00:00
throwback-amsterdam-17-10,Throwback-Amsterdam-17.10.26-A,120250757032420338,120250757703460338,true,7,2026-08-25T12:59:42.788695+00:00,2026-08-26T21:28:45.990545+00:00
throwback-amsterdam-17-10,Throwback-Amsterdam-17.10.26-A,120250757032420338,120250757703320338,true,6,2026-08-25T22:36:49.287244+00:00,2026-08-30T18:51:29.477131+00:00
throwback-amsterdam-17-10,Throwback-Amsterdam-17.10.26-A,120250757032420338,120250757675200338,true,6,2026-08-25T19:46:43.064862+00:00,2026-08-29T19:34:25.770791+00:00
throwback-amsterdam-17-10,Throwback-Amsterdam-17.10.26-A,120250757032420338,120250757703500338,true,6,2026-08-26T11:27:22.963719+00:00,2026-08-30T14:36:23.194277+00:00
throwback-amsterdam-17-10,Throwback-Amsterdam-17.10.26-A,120250757032420338,120250757703600338,true,5,2026-08-25T18:28:53.978156+00:00,2026-08-27T14:55:41.562739+00:00
throwback-amsterdam-17-10,Throwback-Amsterdam-17.10.26-A,,,false,5,2026-08-21T16:36:48.408392+00:00,2026-09-14T13:37:26.42951+00:00
throwback-amsterdam-17-10,Throwback-Amsterdam-17.10.26-A,120250757032420338,120250757675210338,true,4,2026-08-25T15:48:19.663756+00:00,2026-08-30T15:35:08.253804+00:00
throwback-amsterdam-17-10,Throwback-Amsterdam-17.10.26-A,120250757032420338,120250757703210338,true,3,2026-08-26T19:13:10.91563+00:00,2026-08-27T06:59:17.773322+00:00
throwback-amsterdam-17-10,Throwback-Amsterdam-17.10.26-A,120250757032420338,120250757703370338,true,2,2026-08-25T21:01:59.270552+00:00,2026-08-27T12:03:17.956051+00:00
throwback-amsterdam-17-10,Throwback-Amsterdam-17.10.26-A,120250757032420338,120250757703230338,true,1,2026-08-25T22:44:44.750999+00:00,2026-08-25T22:44:44.750999+00:00
throwback-amsterdam-17-10,Throwback-Amsterdam-17.10.26-A,120250757032420338,120250757703240338,true,1,2026-08-25T20:21:05.710219+00:00,2026-08-25T20:21:05.710219+00:00
throwback-amsterdam-17-10,Throwback-Amsterdam-17.10.26-A,120250757032420338,120250757703470338,true,1,2026-09-02T12:39:39.297412+00:00,2026-09-02T12:39:39.297412+00:00
throwback-amsterdam-17-10,Throwback-Amsterdam-17.10.26-A,120250757032420338,120250757703300338,true,1,2026-08-27T11:50:00.27239+00:00,2026-08-27T11:50:00.27239+00:00
throwback-amsterdam-17-10-b,Throwback-Amsterdam-17.10.26-B,,link_in_bio,true,38,2026-08-25T17:31:36.98693+00:00,2026-09-02T23:31:58.420186+00:00
throwback-amsterdam-17-10-b,Throwback-Amsterdam-17.10.26-B,,,false,21,2026-08-24T08:45:41.579625+00:00,2026-08-26T07:56:24.848266+00:00
throwback-amsterdam-17-10-b,Throwback-Amsterdam-17.10.26-B,,,true,4,2026-08-24T08:32:15.789185+00:00,2026-09-27T17:27:54.202032+00:00
throwback-porto-17-10,Throwback-Porto-17.10.26,,,true,210,2026-09-21T08:41:54.6074+00:00,2026-10-06T12:42:21.440352+00:00
throwback-porto-17-10,Throwback-Porto-17.10.26,,link_in_bio,true,197,2026-09-21T17:10:51.972288+00:00,2026-10-06T11:50:56.747857+00:00
throwback-porto-17-10,Throwback-Porto-17.10.26,,,false,161,2026-09-21T10:14:49.280627+00:00,2026-10-06T13:36:37.720996+00:00
throwback-porto-17-10,Throwback-Porto-17.10.26,120251330510400338,120251332847540338,true,159,2026-09-21T14:07:26.434937+00:00,2026-09-28T18:24:26.320206+00:00
throwback-porto-17-10,Throwback-Porto-17.10.26,120251330510400338,120251332847390338,true,154,2026-09-21T11:46:52.634637+00:00,2026-09-28T10:48:40.033216+00:00
throwback-porto-17-10,Throwback-Porto-17.10.26,120251330510400338,120251332847730338,true,145,2026-09-21T12:57:37.08675+00:00,2026-09-27T23:33:36.349835+00:00
throwback-porto-17-10,Throwback-Porto-17.10.26,120251330510400338,120251332847140338,true,117,2026-09-21T11:46:44.858679+00:00,2026-09-28T10:26:57.756436+00:00
throwback-porto-17-10,Throwback-Porto-17.10.26,120251330510400338,120251332847210338,true,70,2026-09-21T11:54:43.742696+00:00,2026-09-27T19:53:07.559473+00:00
throwback-porto-17-10,Throwback-Porto-17.10.26,120251330510400338,120251332847320338,true,59,2026-09-21T13:02:05.226752+00:00,2026-09-27T21:59:02.153902+00:00
throwback-porto-17-10,Throwback-Porto-17.10.26,120251330510400338,120251332847550338,true,54,2026-09-21T17:42:24.232459+00:00,2026-09-27T22:57:00.540312+00:00
throwback-porto-17-10,Throwback-Porto-17.10.26,120251330510400338,120251332784310338,true,52,2026-09-21T11:35:06.203782+00:00,2026-09-27T23:10:12.463619+00:00
throwback-porto-17-10,Throwback-Porto-17.10.26,120251330510400338,120251332847380338,true,51,2026-09-21T11:45:43.701289+00:00,2026-09-28T06:45:00.06857+00:00
throwback-porto-17-10,Throwback-Porto-17.10.26,120251330510400338,120251332847110338,true,45,2026-09-21T19:50:35.073572+00:00,2026-09-28T06:31:48.20088+00:00
throwback-porto-17-10,Throwback-Porto-17.10.26,120251330510400338,120251332847530338,true,44,2026-09-21T11:41:43.006454+00:00,2026-09-27T20:50:41.638939+00:00
throwback-porto-17-10,Throwback-Porto-17.10.26,120251330510400338,120251332847700338,true,43,2026-09-21T12:03:35.924628+00:00,2026-09-27T21:39:04.786684+00:00
throwback-porto-17-10,Throwback-Porto-17.10.26,120251330510400338,120251332847560338,true,43,2026-09-21T12:11:43.64272+00:00,2026-09-27T13:35:17.812939+00:00
throwback-porto-17-10,Throwback-Porto-17.10.26,120251330510400338,120251332847240338,true,40,2026-09-21T11:42:54.086165+00:00,2026-09-27T22:55:20.572008+00:00
throwback-porto-17-10,Throwback-Porto-17.10.26,120251330510400338,120251332847670338,true,34,2026-09-21T18:55:02.082241+00:00,2026-09-27T20:11:00.924735+00:00
throwback-porto-17-10,Throwback-Porto-17.10.26,120251330510400338,120251332847490338,true,32,2026-09-21T11:47:36.453753+00:00,2026-09-27T16:48:25.040291+00:00
throwback-porto-17-10,Throwback-Porto-17.10.26,120251330510400338,120251332847410338,true,30,2026-09-21T15:47:52.388079+00:00,2026-09-27T19:41:09.359635+00:00
throwback-porto-17-10,Throwback-Porto-17.10.26,120251330510400338,120251332847170338,true,27,2026-09-21T11:47:59.855875+00:00,2026-09-27T22:26:57.663067+00:00
throwback-porto-17-10,Throwback-Porto-17.10.26,120251330510400338,120251332847510338,true,23,2026-09-21T11:45:04.033133+00:00,2026-09-27T16:55:10.470982+00:00
throwback-porto-17-10,Throwback-Porto-17.10.26,120251330510400338,120251332847690338,true,21,2026-09-21T11:44:33.301688+00:00,2026-09-27T17:46:14.29906+00:00
throwback-porto-17-10,Throwback-Porto-17.10.26,120251330510400338,120251332847620338,true,17,2026-09-21T11:42:49.633846+00:00,2026-09-26T22:49:18.33385+00:00
throwback-porto-17-10,Throwback-Porto-17.10.26,120251330510400338,120251332847220338,true,16,2026-09-21T13:18:50.136997+00:00,2026-09-24T01:47:27.485717+00:00
throwback-porto-17-10,Throwback-Porto-17.10.26,120251330510400338,120251332784340338,true,16,2026-09-21T11:35:05.736533+00:00,2026-09-26T09:09:55.050704+00:00
throwback-porto-17-10,Throwback-Porto-17.10.26,120251330510400338,120251332847710338,true,15,2026-09-21T11:43:47.256181+00:00,2026-09-27T21:06:14.965096+00:00
throwback-porto-17-10,Throwback-Porto-17.10.26,120251330510400338,120251332847500338,true,14,2026-09-21T16:22:08.802145+00:00,2026-09-27T12:38:10.768038+00:00
throwback-porto-17-10,Throwback-Porto-17.10.26,120251330510400338,120251332847310338,true,14,2026-09-21T19:08:08.740512+00:00,2026-09-25T21:48:30.961176+00:00
throwback-porto-17-10,Throwback-Porto-17.10.26,120251330510400338,120251332847720338,true,14,2026-09-21T11:47:35.33487+00:00,2026-09-27T15:23:12.270062+00:00
throwback-porto-17-10,Throwback-Porto-17.10.26,120251330510400338,120251332847630338,true,12,2026-09-21T14:51:52.007182+00:00,2026-09-26T23:05:30.642706+00:00
throwback-porto-17-10,Throwback-Porto-17.10.26,120251330510400338,120251332847150338,true,12,2026-09-21T11:50:12.881175+00:00,2026-09-26T05:36:37.544625+00:00
throwback-porto-17-10,Throwback-Porto-17.10.26,120251330510400338,120251332847300338,true,11,2026-09-21T11:40:45.525454+00:00,2026-09-27T20:56:22.042548+00:00
throwback-porto-17-10,Throwback-Porto-17.10.26,120251330510400338,120251332847190338,true,11,2026-09-21T23:47:45.372306+00:00,2026-09-28T00:08:58.989341+00:00
throwback-porto-17-10,Throwback-Porto-17.10.26,120251330510400338,120251332784320338,true,11,2026-09-22T10:52:02.441078+00:00,2026-09-28T03:08:49.735773+00:00
throwback-porto-17-10,Throwback-Porto-17.10.26,120251330510400338,120251332847180338,true,11,2026-09-22T07:25:08.336309+00:00,2026-09-25T00:11:09.418107+00:00
throwback-porto-17-10,Throwback-Porto-17.10.26,120251330510400338,120251332847610338,true,11,2026-09-21T16:13:43.868791+00:00,2026-09-27T16:31:12.807055+00:00
throwback-porto-17-10,Throwback-Porto-17.10.26,120251330510400338,120251330510770338,true,10,2026-09-21T11:32:38.108448+00:00,2026-09-25T19:41:23.411259+00:00
throwback-porto-17-10,Throwback-Porto-17.10.26,120251330510400338,120251332847370338,true,10,2026-09-21T11:46:21.928738+00:00,2026-09-27T23:27:00.004352+00:00
throwback-porto-17-10,Throwback-Porto-17.10.26,120251330510400338,120251332847450338,true,10,2026-09-21T14:09:13.367609+00:00,2026-09-27T22:51:23.677285+00:00
throwback-porto-17-10,Throwback-Porto-17.10.26,120251330510400338,120251332847590338,true,9,2026-09-21T13:17:11.237262+00:00,2026-09-27T17:05:17.378915+00:00
throwback-porto-17-10,Throwback-Porto-17.10.26,120251330510400338,120251332847250338,true,9,2026-09-21T23:08:43.349712+00:00,2026-09-27T13:59:16.20502+00:00
throwback-porto-17-10,Throwback-Porto-17.10.26,120251330510400338,120251332847470338,true,8,2026-09-21T15:06:15.16151+00:00,2026-09-25T00:18:10.850121+00:00
throwback-porto-17-10,Throwback-Porto-17.10.26,120251330510400338,120251332847580338,true,8,2026-09-21T16:12:44.378419+00:00,2026-09-28T22:15:23.175347+00:00
throwback-porto-17-10,Throwback-Porto-17.10.26,120251330510400338,120251332847640338,true,8,2026-09-21T18:45:05.102812+00:00,2026-09-26T20:52:38.998832+00:00
throwback-porto-17-10,Throwback-Porto-17.10.26,120251330510400338,120251332847130338,true,8,2026-09-21T11:43:58.508981+00:00,2026-09-27T21:04:03.614629+00:00
throwback-porto-17-10,Throwback-Porto-17.10.26,120251330510400338,120251332847440338,true,8,2026-09-21T16:15:43.755507+00:00,2026-09-27T13:20:44.225638+00:00
throwback-porto-17-10,Throwback-Porto-17.10.26,120251330510400338,120251332847650338,true,7,2026-09-21T11:45:08.083495+00:00,2026-09-22T01:52:25.749703+00:00
throwback-porto-17-10,Throwback-Porto-17.10.26,120251330510400338,120251332847520338,true,7,2026-09-21T13:14:40.219356+00:00,2026-09-26T11:30:31.275684+00:00
throwback-porto-17-10,Throwback-Porto-17.10.26,120251330510400338,120251332847330338,true,7,2026-09-21T13:02:34.278971+00:00,2026-09-23T19:46:59.658446+00:00
throwback-porto-17-10,Throwback-Porto-17.10.26,120251330510400338,120251332784330338,true,7,2026-09-21T19:19:54.541601+00:00,2026-09-27T09:03:14.979441+00:00
throwback-porto-17-10,Throwback-Porto-17.10.26,120251330510400338,120251332847200338,true,5,2026-09-21T11:44:58.528446+00:00,2026-09-23T10:50:25.088836+00:00
throwback-porto-17-10,Throwback-Porto-17.10.26,120251330510400338,120251332847100338,true,5,2026-09-21T11:42:27.994919+00:00,2026-09-24T07:30:06.067926+00:00
throwback-porto-17-10,Throwback-Porto-17.10.26,120251330510400338,120251332847430338,true,5,2026-09-21T13:28:09.201181+00:00,2026-09-27T19:50:48.977006+00:00
throwback-porto-17-10,Throwback-Porto-17.10.26,120251330510400338,120251332847290338,true,5,2026-09-22T08:12:17.425825+00:00,2026-09-22T20:49:06.419098+00:00
throwback-porto-17-10,Throwback-Porto-17.10.26,120251330510400338,120251332847660338,true,5,2026-09-21T17:56:27.203212+00:00,2026-09-27T21:20:10.628305+00:00
throwback-porto-17-10,Throwback-Porto-17.10.26,120251330510400338,120251332847160338,true,4,2026-09-21T12:58:57.526036+00:00,2026-09-21T21:57:43.486647+00:00
throwback-porto-17-10,Throwback-Porto-17.10.26,120251330510400338,120251332847260338,true,4,2026-09-21T15:41:57.802466+00:00,2026-09-22T07:10:04.178024+00:00
throwback-porto-17-10,Throwback-Porto-17.10.26,120251330510400338,120251332847230338,true,4,2026-09-21T14:58:03.081942+00:00,2026-09-23T19:55:00.597845+00:00
throwback-porto-17-10,Throwback-Porto-17.10.26,120251330510400338,120251332847460338,true,3,2026-09-21T18:45:45.804958+00:00,2026-09-22T11:15:51.686008+00:00
throwback-porto-17-10,Throwback-Porto-17.10.26,120251330510400338,120251332847400338,true,3,2026-09-21T11:43:15.42565+00:00,2026-09-22T00:53:18.876934+00:00
throwback-porto-17-10,Throwback-Porto-17.10.26,120251330510400338,120251332847270338,true,3,2026-09-21T12:10:15.087704+00:00,2026-09-23T00:41:51.183328+00:00
throwback-porto-17-10,Throwback-Porto-17.10.26,120251330510400338,120251332847570338,true,3,2026-09-21T12:01:25.445604+00:00,2026-09-27T15:55:59.584997+00:00
throwback-porto-17-10,Throwback-Porto-17.10.26,120251330510400338,120251332784350338,true,3,2026-09-24T20:07:41.410463+00:00,2026-09-26T13:59:17.614487+00:00
throwback-porto-17-10,Throwback-Porto-17.10.26,120251330510400338,120251332847600338,true,3,2026-09-21T20:06:26.2417+00:00,2026-09-26T01:04:04.580189+00:00
throwback-porto-17-10,Throwback-Porto-17.10.26,120251330510400338,120251332847120338,true,2,2026-09-21T18:47:45.776366+00:00,2026-09-23T20:09:44.583129+00:00
